Iteration;Long01;Long012;Long02;Long0105
1;1539;1553;1658;1539
2;1539;1553;1658;1523
3;1539;1548;1659;1523
4;1539;1548;1653;1521
5;1539;1533;1653;1521
6;1539;1533;1653;1521
7;1539;1521;1645;1521
8;1539;1519;1645;1521
9;1540;1505;1644;1505
10;1530;1496;1644;1505
11;1511;1496;1644;1505
12;1502;1496;1644;1505
13;1502;1496;1642;1505
14;1504;1477;1642;1498
15;1501;1477;1630;1498
16;1484;1460;1630;1498
17;1473;1460;1630;1494
18;1469;1454;1620;1494
19;1465;1453;1620;1492
20;1453;1440;1616;1492
21;1449;1433;1616;1491
22;1450;1426;1617;1491
23;1450;1426;1602;1483
24;1434;1426;1602;1485
25;1434;1426;1602;1484
26;1433;1420;1602;1484
27;1432;1420;1602;1484
28;1432;1420;1602;1484
29;1432;1420;1594;1484
30;1432;1408;1594;1468
31;1426;1405;1594;1454
32;1423;1389;1583;1441
33;1423;1371;1583;1436
34;1423;1362;1585;1422
35;1423;1361;1585;1422
36;1423;1355;1587;1419
37;1413;1355;1587;1419
38;1404;1354;1576;1420
39;1388;1355;1576;1420
40;1382;1355;1576;1416
41;1382;1355;1576;1404
42;1382;1355;1571;1404
43;1382;1342;1571;1404
44;1372;1342;1565;1386
45;1362;1342;1565;1386
46;1344;1341;1565;1375
47;1344;1341;1556;1375
48;1331;1341;1556;1377
49;1333;1332;1543;1377
50;1333;1332;1536;1364
51;1333;1332;1536;1363
52;1333;1332;1536;1363
53;1326;1327;1536;1353
54;1327;1316;1525;1353
55;1327;1316;1525;1349
56;1328;1317;1525;1342
57;1328;1303;1524;1334
58;1328;1303;1520;1334
59;1328;1295;1512;1332
60;1328;1295;1513;1319
61;1318;1283;1513;1307
62;1317;1283;1502;1304
63;1317;1283;1494;1303
64;1318;1282;1494;1302
65;1309;1281;1483;1300
66;1309;1278;1483;1300
67;1309;1262;1484;1300
68;1307;1261;1484;1300
69;1299;1248;1476;1302
70;1301;1240;1476;1302
71;1300;1234;1467;1295
72;1282;1234;1467;1295
73;1282;1229;1460;1295
74;1283;1221;1450;1295
75;1282;1215;1442;1297
76;1278;1213;1444;1297
77;1264;1213;1444;1297
78;1264;1213;1444;1300
79;1253;1213;1444;1297
80;1241;1213;1444;1283
81;1241;1202;1444;1283
82;1241;1202;1436;1281
83;1243;1191;1431;1281
84;1243;1177;1431;1271
85;1244;1173;1431;1267
86;1244;1173;1431;1267
87;1242;1172;1431;1267
88;1231;1172;1431;1268
89;1216;1174;1423;1267
90;1216;1174;1423;1267
91;1216;1174;1423;1261
92;1216;1177;1423;1262
93;1210;1170;1423;1250
94;1192;1170;1420;1250
95;1187;1162;1420;1245
96;1189;1162;1417;1244
97;1178;1161;1417;1230
98;1165;1161;1409;1230
99;1160;1157;1410;1215
100;1160;1158;1410;1215
101;1148;1158;1410;1215
102;1148;1158;1413;1213
103;1146;1158;1410;1212
104;1146;1158;1410;1212
105;1135;1142;1414;1213
106;1135;1143;1414;1195
107;1125;1127;1406;1195
108;1125;1128;1402;1195
109;1125;1128;1398;1197
110;1125;1128;1399;1197
111;1125;1116;1402;1190
112;1115;1113;1403;1190
113;1109;1113;1395;1191
114;1109;1112;1396;1190
115;1110;1112;1396;1185
116;1110;1112;1395;1171
117;1113;1105;1395;1171
118;1113;1098;1395;1165
119;1113;1098;1384;1165
120;1111;1092;1374;1164
121;1105;1084;1366;1160
122;1105;1076;1365;1160
123;1103;1076;1365;1160
124;1099;1070;1365;1159
125;1099;1072;1364;1157
126;1099;1074;1364;1157
127;1096;1074;1364;1157
128;1102;1076;1355;1157
129;1093;1076;1343;1159
130;1084;1078;1343;1159
131;1084;1077;1328;1160
132;1084;1073;1322;1156
133;1084;1068;1323;1155
134;1084;1068;1323;1155
135;1084;1067;1313;1157
136;1084;1066;1312;1158
137;1078;1064;1312;1158
138;1078;1057;1312;1149
139;1072;1056;1312;1150
140;1072;1056;1300;1148
141;1072;1055;1295;1149
142;1070;1055;1298;1145
143;1070;1047;1300;1145
144;1061;1047;1301;1147
145;1056;1035;1301;1147
146;1056;1032;1295;1147
147;1052;1032;1295;1137
148;1052;1026;1288;1137
149;1052;1026;1288;1137
150;1052;1025;1288;1137
151;1053;1024;1283;1137
152;1054;1024;1281;1137
153;1047;1010;1280;1137
154;1047;1009;1272;1137
155;1048;1009;1272;1139
156;1045;1010;1272;1136
157;1046;1005;1272;1127
158;1043;1012;1272;1127
159;1039;1008;1271;1122
160;1038;1000;1271;1122
161;1038;1001;1265;1110
162;1038;997;1265;1110
163;1038;997;1265;1109
164;1036;997;1259;1110
165;1036;997;1259;1110
166;1036;998;1259;1112
167;1031;998;1259;1112
168;1031;988;1261;1112
169;1023;982;1261;1108
170;1023;982;1261;1104
171;1023;987;1263;1104
172;1023;987;1263;1102
173;1022;987;1264;1102
174;1019;991;1257;1102
175;1009;987;1258;1102
176;1008;987;1252;1102
177;1008;988;1252;1100
178;1008;988;1252;1100
179;1008;988;1244;1094
180;1007;987;1244;1094
181;1007;987;1243;1094
182;1006;987;1249;1094
183;1014;986;1252;1094
184;1014;986;1240;1094
185;1014;987;1240;1095
186;1013;987;1240;1096
187;1013;989;1240;1096
188;1015;979;1236;1095
189;1015;979;1237;1094
190;1016;979;1237;1096
191;1006;979;1228;1096
192;1006;979;1228;1088
193;995;983;1213;1086
194;995;980;1208;1080
195;999;981;1208;1073
196;999;981;1208;1073
197;1004;981;1205;1072
198;1003;971;1198;1073
199;998;971;1195;1066
200;998;972;1195;1066
201;1000;972;1201;1066
202;1000;968;1202;1066
203;999;967;1202;1059
204;999;966;1201;1059
205;999;966;1201;1059
206;999;966;1194;1059
207;999;966;1194;1059
208;988;964;1192;1058
209;988;964;1192;1058
210;988;964;1183;1058
211;988;964;1183;1053
212;988;963;1182;1041
213;988;965;1182;1041
214;986;967;1174;1041
215;978;968;1170;1032
216;978;969;1166;1032
217;978;971;1159;1032
218;978;970;1156;1032
219;967;971;1147;1032
220;965;971;1144;1021
221;961;967;1144;1022
222;961;968;1146;1022
223;961;969;1146;1027
224;953;965;1146;1027
225;953;965;1146;1029
226;953;964;1136;1029
227;953;968;1136;1025
228;953;967;1131;1025
229;953;966;1131;1024
230;954;966;1131;1024
231;952;960;1129;1023
232;952;954;1129;1023
233;952;954;1131;1023
234;952;954;1128;1024
235;951;953;1128;1021
236;951;953;1128;1019
237;951;949;1128;1019
238;955;949;1134;1018
239;955;949;1134;1018
240;948;949;1134;1007
241;947;949;1133;1007
242;947;949;1125;1005
243;936;951;1124;1003
244;936;954;1124;1003
245;935;951;1124;1005
246;932;940;1122;1002
247;933;940;1114;1008
248;933;940;1114;1007
249;933;940;1114;1007
250;930;940;1106;1008
251;930;940;1106;1010
252;924;939;1105;1007
253;926;939;1104;1007
254;926;940;1104;1007
255;928;940;1103;1004
256;919;940;1103;1004
257;919;940;1103;1004
258;918;941;1103;1003
259;918;941;1103;1003
260;918;941;1103;998
261;915;941;1103;998
262;909;938;1103;988
263;908;938;1103;988
264;908;937;1103;989
265;908;926;1105;978
266;906;926;1107;978
267;904;927;1103;978
268;896;927;1103;978
269;898;924;1103;978
270;897;918;1100;978
271;897;918;1098;975
272;891;917;1094;975
273;890;917;1094;975
274;895;915;1094;975
275;892;909;1085;977
276;892;907;1085;975
277;892;902;1083;962
278;892;907;1087;962
279;895;908;1087;961
280;894;908;1086;961
281;894;908;1088;961
282;897;899;1088;958
283;899;903;1088;962
284;899;903;1088;960
285;901;901;1088;960
286;902;902;1088;960
287;894;902;1088;960
288;894;901;1089;960
289;894;901;1086;960
290;894;901;1091;956
291;896;901;1080;956
292;896;901;1070;946
293;897;901;1067;943
294;897;901;1065;943
295;896;901;1065;943
296;896;901;1065;942
297;895;901;1059;946
298;892;899;1058;948
299;887;899;1058;949
300;888;888;1058;949
301;888;888;1059;949
302;889;888;1057;948
303;889;888;1045;943
304;889;888;1039;943
305;894;888;1038;943
306;892;887;1037;938
307;885;887;1042;935
308;882;888;1043;935
309;882;888;1043;935
310;882;889;1041;935
311;881;889;1040;934
312;881;889;1040;928
313;881;889;1040;928
314;881;875;1041;928
315;882;875;1041;928
316;883;875;1041;920
317;883;872;1034;920
318;883;874;1034;920
319;873;874;1031;920
320;866;871;1029;916
321;863;872;1029;916
322;862;872;1029;911
323;857;865;1030;904
324;854;865;1030;903
325;854;865;1028;904
326;854;865;1021;900
327;854;865;1011;894
328;851;865;1011;894
329;847;865;1011;889
330;846;865;1004;890
331;846;865;997;890
332;846;865;998;889
333;846;863;999;889
334;;;;894
335;;;;894
336;;;;894
337;;;;893
338;;;;884
339;;;;884
340;;;;884
341;;;;887
342;;;;882
343;;;;882
344;;;;882
345;;;;882
346;;;;882
347;;;;882
348;;;;882
349;;;;882
350;;;;880
351;;;;880
352;;;;880
353;;;;880
354;;;;879
355;;;;879
356;;;;878
357;;;;878
358;;;;878
359;;;;878
360;;;;876
361;;;;876
362;;;;876
363;;;;876
364;;;;876
365;;;;876
366;;;;876
367;;;;877
368;;;;877
369;;;;877
370;;;;874
371;;;;871
372;;;;871
373;;;;870
374;;;;874
375;;;;876
376;;;;876
377;;;;871
378;;;;871
379;;;;871
380;;;;871
381;;;;868
382;;;;866
383;;;;872
384;;;;872
385;;;;872
386;;;;872
387;;;;874
388;;;;874
389;;;;876
390;;;;876
391;;;;867
392;;;;871
393;;;;869
394;;;;873
395;;;;873
396;;;;873
397;;;;873
398;;;;871
399;;;;871
400;;;;871
401;;;;871
402;;;;871
403;;;;872
404;;;;873
405;;;;866
406;;;;864
407;;;;864
408;;;;858
409;;;;862
410;;;;858
411;;;;858
412;;;;855
413;;;;855
414;;;;852
415;;;;852
416;;;;852
417;;;;852
418;;;;852
419;;;;852
420;;;;850
421;;;;849
422;;;;849
423;;;;849
424;;;;851
425;;;;851
426;;;;851
427;;;;848
428;;;;847
429;;;;848
430;;;;848
431;;;;843
432;;;;843
433;;;;843
434;;;;841
435;;;;841
436;;;;842
437;;;;843
438;;;;841
439;;;;841
440;;;;838
441;;;;838
442;;;;840
443;;;;836
444;;;;836
445;;;;829
446;;;;829
447;;;;828
448;;;;829
449;;;;829
450;;;;829
451;;;;828
452;;;;830
453;;;;830
454;;;;830
455;;;;830
456;;;;830
457;;;;830
458;;;;833
459;;;;833
460;;;;833
461;;;;833
462;;;;833
463;;;;833
464;;;;833
465;;;;829
466;;;;829
467;;;;829
468;;;;829
469;;;;829
470;;;;829
471;;;;826
472;;;;824
473;;;;824
474;;;;823
475;;;;823
476;;;;823
477;;;;817
478;;;;817
479;;;;817
480;;;;817
481;;;;815
482;;;;815
483;;;;815
484;;;;810
485;;;;806
486;;;;806
487;;;;806
488;;;;806
489;;;;805
490;;;;804
491;;;;804
492;;;;804
493;;;;803
494;;;;803
495;;;;801
496;;;;803
497;;;;804
498;;;;804
499;;;;803
500;;;;800
501;;;;800
502;;;;799
503;;;;799
504;;;;798
505;;;;797
506;;;;798
507;;;;798
508;;;;797
509;;;;798
510;;;;798
511;;;;798
512;;;;798
513;;;;797
514;;;;799
515;;;;800
516;;;;802
517;;;;803
518;;;;806
519;;;;806
520;;;;806
521;;;;806
522;;;;806
523;;;;806
524;;;;803
525;;;;804
526;;;;804
527;;;;805
528;;;;803
529;;;;803
530;;;;804
531;;;;804
532;;;;804
533;;;;805
534;;;;805
535;;;;805
536;;;;805
537;;;;807
538;;;;807
539;;;;807
540;;;;805
541;;;;804
542;;;;798
543;;;;799
544;;;;799
545;;;;799
546;;;;798
547;;;;799
548;;;;799
549;;;;799
550;;;;797
551;;;;796
552;;;;795
553;;;;797
554;;;;797
555;;;;798
556;;;;794
557;;;;794
558;;;;794
559;;;;794
560;;;;794
561;;;;794
562;;;;794
563;;;;789
564;;;;787
565;;;;786
566;;;;785
567;;;;784
568;;;;783
569;;;;784
570;;;;784
571;;;;784
572;;;;785
573;;;;785
574;;;;785
575;;;;785
576;;;;785
577;;;;786
578;;;;784
579;;;;785
580;;;;785
581;;;;785
582;;;;785
583;;;;783
584;;;;783
585;;;;783
586;;;;783
587;;;;785
588;;;;784
589;;;;784
590;;;;784
591;;;;783
592;;;;783
593;;;;781
594;;;;781
595;;;;781
596;;;;780
597;;;;782
598;;;;781
599;;;;780
600;;;;778
601;;;;778
602;;;;779
603;;;;777
604;;;;776
605;;;;778
606;;;;778
607;;;;777
608;;;;772
609;;;;771
610;;;;770
611;;;;770
612;;;;770
613;;;;769
614;;;;769
615;;;;769
616;;;;770
617;;;;777
618;;;;777
619;;;;774
620;;;;774
621;;;;774
622;;;;774
623;;;;775
624;;;;776
625;;;;776
626;;;;776
627;;;;777
628;;;;777
629;;;;776
630;;;;776
631;;;;776
632;;;;776
633;;;;776
634;;;;775
635;;;;777
636;;;;778
637;;;;778
638;;;;777
639;;;;785
640;;;;785
641;;;;786
642;;;;786
643;;;;787
644;;;;786
645;;;;786
646;;;;786
647;;;;786
648;;;;784
649;;;;784
650;;;;782
651;;;;783
652;;;;782
653;;;;782
654;;;;782
655;;;;777
656;;;;777
657;;;;778
658;;;;776
659;;;;777
660;;;;777
661;;;;776
662;;;;778
663;;;;778
664;;;;778
665;;;;778
666;;;;778
667;;;;778
668;;;;778
669;;;;778
670;;;;777
671;;;;777
672;;;;777
673;;;;774
674;;;;771
675;;;;771
676;;;;772
677;;;;773
678;;;;773
679;;;;775
680;;;;775
681;;;;775
682;;;;774
683;;;;772
684;;;;775
685;;;;775
686;;;;774
687;;;;774
688;;;;774
689;;;;768
690;;;;767
691;;;;771
692;;;;771
693;;;;771
694;;;;771
695;;;;774
696;;;;775
697;;;;776
698;;;;775
699;;;;776
700;;;;777
701;;;;779
702;;;;778
703;;;;777
704;;;;778
705;;;;778
706;;;;778
707;;;;778
708;;;;781
709;;;;781
710;;;;786
711;;;;785
712;;;;785
713;;;;785
714;;;;785
715;;;;788
716;;;;789
717;;;;789
718;;;;789
719;;;;789
720;;;;789
721;;;;789
722;;;;787
723;;;;790
724;;;;792
725;;;;790
726;;;;791
727;;;;791
728;;;;789
729;;;;791
730;;;;791
731;;;;791
732;;;;792
733;;;;794
734;;;;795
735;;;;796
736;;;;796
737;;;;796
738;;;;800
739;;;;799
740;;;;797
741;;;;798
742;;;;798
743;;;;801
744;;;;801
745;;;;802
746;;;;802
747;;;;802
748;;;;795
749;;;;796
750;;;;796
751;;;;794
752;;;;794
753;;;;795
754;;;;794
755;;;;796
756;;;;796
757;;;;796
758;;;;796
759;;;;794
760;;;;794
761;;;;795
762;;;;794
763;;;;796
764;;;;796
765;;;;796
766;;;;796
767;;;;793
768;;;;794
769;;;;794
770;;;;797
771;;;;797
772;;;;797
773;;;;797
774;;;;801
775;;;;801
776;;;;800
777;;;;800
778;;;;801
779;;;;800
780;;;;798
781;;;;802
782;;;;802
783;;;;802
784;;;;802
785;;;;802
786;;;;802
787;;;;802
788;;;;799
789;;;;799
790;;;;799
791;;;;796
792;;;;797
793;;;;797
794;;;;797
795;;;;795
796;;;;793
797;;;;797
798;;;;797
799;;;;797
800;;;;799
801;;;;799
802;;;;800
803;;;;803
804;;;;800
805;;;;801
806;;;;801
807;;;;801
808;;;;801
809;;;;800
810;;;;802
811;;;;803
812;;;;804
813;;;;807
814;;;;807
815;;;;806
816;;;;806
817;;;;806
818;;;;806
819;;;;809
820;;;;809
821;;;;809
822;;;;809
823;;;;803
824;;;;801
825;;;;801
826;;;;802
827;;;;806
828;;;;806
829;;;;806
830;;;;806
831;;;;805
832;;;;800
833;;;;798
834;;;;799
835;;;;799
836;;;;798
837;;;;799
838;;;;801
839;;;;804
840;;;;804
841;;;;805
842;;;;811
843;;;;814
844;;;;814
845;;;;818
846;;;;819
847;;;;819
848;;;;816
849;;;;818
850;;;;818
851;;;;818
852;;;;818
853;;;;818
854;;;;818
855;;;;817
856;;;;817
857;;;;819
858;;;;819
859;;;;819
860;;;;819
861;;;;818
862;;;;819
863;;;;819
864;;;;819
865;;;;820
866;;;;820
867;;;;821
868;;;;817
869;;;;817
870;;;;817
871;;;;817
872;;;;817
873;;;;817
874;;;;816
875;;;;820
876;;;;820
877;;;;818
878;;;;817
879;;;;817
880;;;;817
881;;;;817
882;;;;817
883;;;;817
884;;;;817
885;;;;815
886;;;;816
887;;;;816
888;;;;816
889;;;;816
890;;;;816
891;;;;816
892;;;;818
893;;;;818
894;;;;819
895;;;;819
896;;;;820
897;;;;820
898;;;;821
899;;;;821
900;;;;820
901;;;;820
902;;;;820
903;;;;820
904;;;;820
905;;;;819
906;;;;819
907;;;;818
908;;;;818
909;;;;817
910;;;;817
911;;;;822
912;;;;822
913;;;;820
914;;;;820
915;;;;821
916;;;;821
917;;;;820
918;;;;819
919;;;;819
920;;;;818
921;;;;818
922;;;;817
923;;;;815
924;;;;815
925;;;;820
926;;;;820
927;;;;821
928;;;;821
929;;;;821
930;;;;821
931;;;;821
932;;;;821
933;;;;821
934;;;;821
935;;;;821
936;;;;821
937;;;;821
938;;;;821
939;;;;815
940;;;;815
941;;;;815
942;;;;815
943;;;;816
944;;;;815
945;;;;811
946;;;;811
947;;;;811
948;;;;811
949;;;;816
950;;;;813
951;;;;813
952;;;;813
953;;;;811
954;;;;811
955;;;;811
956;;;;812
957;;;;812
958;;;;811
959;;;;812
960;;;;810
961;;;;810
962;;;;810
963;;;;810
964;;;;811
965;;;;811
966;;;;811
967;;;;812
968;;;;811
969;;;;813
970;;;;813
971;;;;812
972;;;;813
973;;;;814
974;;;;814
975;;;;813
976;;;;812
977;;;;813
978;;;;813
979;;;;813
980;;;;813
981;;;;813
982;;;;814
983;;;;814
984;;;;814
985;;;;816
986;;;;817
987;;;;816
988;;;;816
989;;;;816
990;;;;816
991;;;;816
992;;;;816
993;;;;816
994;;;;817
995;;;;817
996;;;;817
997;;;;818
998;;;;818
999;;;;818
1000;;;;818
1001;;;;820
1002;;;;820
1003;;;;820
1004;;;;820
1005;;;;819
1006;;;;819
1007;;;;819
1008;;;;821
1009;;;;819
1010;;;;819
1011;;;;819
1012;;;;817
1013;;;;818
1014;;;;818
1015;;;;818
1016;;;;818
1017;;;;818
1018;;;;818
1019;;;;818
1020;;;;818
1021;;;;818
1022;;;;818
1023;;;;818
1024;;;;818
1025;;;;817
1026;;;;817
1027;;;;817
1028;;;;817
1029;;;;817
1030;;;;818
1031;;;;817
1032;;;;817
1033;;;;817
1034;;;;817
1035;;;;815
1036;;;;815
1037;;;;815
1038;;;;817
1039;;;;817
1040;;;;814
1041;;;;813
1042;;;;813
1043;;;;811
1044;;;;811
1045;;;;809
1046;;;;809
1047;;;;807
1048;;;;807
1049;;;;807
1050;;;;806
1051;;;;805
1052;;;;805
1053;;;;805
1054;;;;805
1055;;;;805
1056;;;;805
1057;;;;804
1058;;;;806
1059;;;;806
1060;;;;810
1061;;;;811
1062;;;;811
1063;;;;811
1064;;;;809
1065;;;;809
1066;;;;809
1067;;;;809
1068;;;;809
1069;;;;809
1070;;;;811
1071;;;;813
1072;;;;813
1073;;;;813
1074;;;;813
1075;;;;813
1076;;;;812
1077;;;;812
1078;;;;813
1079;;;;813
1080;;;;813
1081;;;;814
1082;;;;812
1083;;;;812
1084;;;;814
1085;;;;814
1086;;;;814
1087;;;;814
1088;;;;813
1089;;;;813
1090;;;;809
1091;;;;809
1092;;;;809
1093;;;;809
1094;;;;807
1095;;;;807
1096;;;;808
1097;;;;803
1098;;;;803
1099;;;;803
1100;;;;803
1101;;;;803
1102;;;;803
1103;;;;805
1104;;;;805
1105;;;;804
1106;;;;804
1107;;;;808
1108;;;;809
1109;;;;809
1110;;;;809
1111;;;;809
1112;;;;809
1113;;;;808
1114;;;;811
1115;;;;811
1116;;;;811
1117;;;;811
1118;;;;813
1119;;;;813
1120;;;;812
1121;;;;810
1122;;;;810
1123;;;;810
1124;;;;809
1125;;;;807
1126;;;;811
1127;;;;810
1128;;;;806
1129;;;;806
1130;;;;806
1131;;;;801
1132;;;;802
1133;;;;802
1134;;;;802
1135;;;;801
1136;;;;800
1137;;;;800
1138;;;;799
1139;;;;799
1140;;;;799
1141;;;;797
1142;;;;797
1143;;;;794
1144;;;;794
1145;;;;794
1146;;;;795
1147;;;;793
1148;;;;793
1149;;;;793
1150;;;;793
1151;;;;794
1152;;;;794
1153;;;;794
1154;;;;797
1155;;;;797
1156;;;;797
1157;;;;797
1158;;;;798
1159;;;;797
1160;;;;797
1161;;;;798
1162;;;;798
1163;;;;803
1164;;;;805
1165;;;;805
1166;;;;805
1167;;;;806
1168;;;;806
1169;;;;807
1170;;;;807
1171;;;;804
1172;;;;804
1173;;;;804
1174;;;;804
1175;;;;808
1176;;;;808
1177;;;;804
1178;;;;804
1179;;;;804
1180;;;;805
1181;;;;804
1182;;;;802
1183;;;;800
1184;;;;800
1185;;;;801
1186;;;;801
1187;;;;801
1188;;;;803
1189;;;;804
1190;;;;804
1191;;;;807
1192;;;;807
1193;;;;805
1194;;;;805
1195;;;;805
1196;;;;804
1197;;;;804
1198;;;;804
1199;;;;801
1200;;;;804
1201;;;;804
1202;;;;806
1203;;;;806
1204;;;;807
1205;;;;806
1206;;;;806
1207;;;;806
1208;;;;806
1209;;;;803
1210;;;;801
1211;;;;800
1212;;;;799
1213;;;;799
1214;;;;797
1215;;;;796
1216;;;;796
1217;;;;798
1218;;;;798
1219;;;;798
1220;;;;798
1221;;;;797
1222;;;;798
1223;;;;799
1224;;;;800
1225;;;;800
1226;;;;802
1227;;;;807
1228;;;;807
1229;;;;807
1230;;;;809
1231;;;;810
1232;;;;808
1233;;;;808
1234;;;;812
1235;;;;811
1236;;;;810
1237;;;;811
1238;;;;810
1239;;;;810
1240;;;;810
1241;;;;804
1242;;;;804
1243;;;;806
1244;;;;806
1245;;;;806
1246;;;;807
1247;;;;807
1248;;;;807
1249;;;;808
1250;;;;808
1251;;;;807
1252;;;;807
1253;;;;806
1254;;;;806
1255;;;;809
1256;;;;812
1257;;;;811
1258;;;;814
1259;;;;809
1260;;;;809
1261;;;;812
1262;;;;812
1263;;;;812
1264;;;;812
1265;;;;812
1266;;;;814
1267;;;;813
1268;;;;813
1269;;;;813
1270;;;;813
1271;;;;813
1272;;;;813
1273;;;;813
1274;;;;811
1275;;;;811
1276;;;;814
1277;;;;814
1278;;;;814
1279;;;;815
1280;;;;818
1281;;;;818
1282;;;;820
1283;;;;821
1284;;;;821
1285;;;;823
1286;;;;821
1287;;;;821
1288;;;;821
1289;;;;817
1290;;;;818
1291;;;;819
1292;;;;819
1293;;;;819
1294;;;;816
1295;;;;815
1296;;;;816
1297;;;;816
1298;;;;816
1299;;;;816
1300;;;;817
1301;;;;816
1302;;;;818
1303;;;;818
1304;;;;817
1305;;;;820
1306;;;;820
1307;;;;822
1308;;;;822
1309;;;;823
1310;;;;823
1311;;;;823
1312;;;;823
1313;;;;823
1314;;;;823
1315;;;;822
1316;;;;822
1317;;;;820
1318;;;;820
1319;;;;820
1320;;;;819
1321;;;;819
1322;;;;818
1323;;;;819
1324;;;;821
1325;;;;821
1326;;;;817
1327;;;;817
1328;;;;817
1329;;;;817
1330;;;;822
1331;;;;822
1332;;;;823
1333;;;;823
1334;;;;823
1335;;;;822
1336;;;;825
1337;;;;825
1338;;;;825
1339;;;;825
1340;;;;827
1341;;;;827
1342;;;;827
1343;;;;827
1344;;;;829
1345;;;;829
1346;;;;828
1347;;;;828
1348;;;;828
1349;;;;827
1350;;;;827
1351;;;;828
1352;;;;826
1353;;;;826
1354;;;;826
1355;;;;827
1356;;;;827
1357;;;;827
1358;;;;828
1359;;;;828
1360;;;;828
1361;;;;828
1362;;;;828
1363;;;;828
1364;;;;828
1365;;;;828
1366;;;;828
1367;;;;828
1368;;;;828
1369;;;;826
1370;;;;826
1371;;;;825
1372;;;;826
1373;;;;825
1374;;;;825
1375;;;;826
1376;;;;827
1377;;;;827
1378;;;;830
1379;;;;830
1380;;;;830
1381;;;;829
1382;;;;829
1383;;;;828
1384;;;;827
1385;;;;827
1386;;;;827
1387;;;;827
1388;;;;825
1389;;;;825
1390;;;;826
1391;;;;826
1392;;;;824
1393;;;;824
1394;;;;822
1395;;;;821
1396;;;;821
1397;;;;819
1398;;;;819
1399;;;;820
1400;;;;820
1401;;;;819
1402;;;;818
1403;;;;817
1404;;;;817
1405;;;;818
1406;;;;817
1407;;;;815
1408;;;;815
1409;;;;815
1410;;;;815
1411;;;;814
1412;;;;813
1413;;;;813
1414;;;;813
1415;;;;813
1416;;;;815
1417;;;;817
1418;;;;817
1419;;;;817
1420;;;;815
1421;;;;814
1422;;;;815
1423;;;;815
1424;;;;814
1425;;;;814
1426;;;;814
1427;;;;810
1428;;;;810
1429;;;;809
1430;;;;809
1431;;;;808
1432;;;;808
1433;;;;808
1434;;;;808
1435;;;;811
1436;;;;810
1437;;;;810
1438;;;;810
1439;;;;810
1440;;;;809
1441;;;;808
1442;;;;808
1443;;;;808
1444;;;;808
1445;;;;807
1446;;;;807
1447;;;;805
1448;;;;805
1449;;;;805
1450;;;;805
1451;;;;805
1452;;;;807
1453;;;;809
1454;;;;809
1455;;;;809
1456;;;;809
1457;;;;809
1458;;;;809
1459;;;;810
1460;;;;810
1461;;;;810
1462;;;;810
1463;;;;807
1464;;;;808
1465;;;;807
1466;;;;808
1467;;;;805
1468;;;;805
1469;;;;805
1470;;;;805
1471;;;;805
1472;;;;804
1473;;;;805
1474;;;;805
1475;;;;805
1476;;;;805
1477;;;;806
1478;;;;807
1479;;;;807
1480;;;;808
1481;;;;808
1482;;;;809
1483;;;;809
1484;;;;809
1485;;;;809
1486;;;;810
1487;;;;806
1488;;;;806
1489;;;;805
1490;;;;805
1491;;;;807
1492;;;;807
1493;;;;807
1494;;;;807
1495;;;;808
1496;;;;807
1497;;;;805
1498;;;;807
1499;;;;808
1500;;;;808
1501;;;;809
1502;;;;806
1503;;;;805
1504;;;;802
1505;;;;802
1506;;;;805
1507;;;;810
1508;;;;810
1509;;;;806
1510;;;;805
1511;;;;803
1512;;;;802
1513;;;;802
1514;;;;805
1515;;;;806
1516;;;;805
1517;;;;805
1518;;;;805
1519;;;;805
1520;;;;805
1521;;;;805
1522;;;;804
1523;;;;804
1524;;;;804
1525;;;;800
1526;;;;800
1527;;;;801
1528;;;;801
1529;;;;801
1530;;;;801
1531;;;;801
1532;;;;801
1533;;;;800
1534;;;;800
1535;;;;800
1536;;;;803
1537;;;;803
1538;;;;802
1539;;;;802
1540;;;;802
1541;;;;802
1542;;;;804
1543;;;;804
1544;;;;805
1545;;;;805
1546;;;;806
1547;;;;805
1548;;;;805
1549;;;;805
1550;;;;805
1551;;;;801
1552;;;;800
1553;;;;801
1554;;;;802
1555;;;;802
1556;;;;802
1557;;;;802
1558;;;;802
1559;;;;801
1560;;;;801
1561;;;;803
1562;;;;803
1563;;;;803
1564;;;;803
1565;;;;805
1566;;;;804
1567;;;;805
1568;;;;803
1569;;;;803
1570;;;;803
1571;;;;803
1572;;;;800
1573;;;;800
1574;;;;801
1575;;;;801
1576;;;;801
1577;;;;800
1578;;;;800
1579;;;;800
1580;;;;800
1581;;;;800
1582;;;;801
1583;;;;802
1584;;;;803
1585;;;;804
1586;;;;804
1587;;;;804
1588;;;;805
1589;;;;805
1590;;;;805
1591;;;;805
1592;;;;805
1593;;;;805
1594;;;;807
1595;;;;803
1596;;;;803
1597;;;;803
1598;;;;803
1599;;;;800
1600;;;;800
1601;;;;800
1602;;;;800
1603;;;;802
1604;;;;802
1605;;;;802
1606;;;;802
1607;;;;802
1608;;;;805
1609;;;;803
1610;;;;804
1611;;;;805
1612;;;;805
1613;;;;802
1614;;;;802
1615;;;;801
1616;;;;801
1617;;;;801
1618;;;;802
1619;;;;802
1620;;;;802
1621;;;;803
1622;;;;803
1623;;;;803
1624;;;;801
1625;;;;801
1626;;;;801
1627;;;;798
1628;;;;799
1629;;;;800
1630;;;;800
1631;;;;801
1632;;;;800
1633;;;;801
1634;;;;802
1635;;;;803
1636;;;;802
1637;;;;803
1638;;;;799
1639;;;;799
1640;;;;799
1641;;;;800
1642;;;;799
1643;;;;799
1644;;;;801
1645;;;;797
1646;;;;799
1647;;;;799
1648;;;;798
1649;;;;795
1650;;;;795
1651;;;;795
1652;;;;795
1653;;;;796
1654;;;;796
1655;;;;796
1656;;;;791
1657;;;;791
1658;;;;791
1659;;;;791
1660;;;;791
1661;;;;791
1662;;;;791
1663;;;;791
1664;;;;792
1665;;;;792
1666;;;;790
1667;;;;790
1668;;;;789
1669;;;;789
1670;;;;789
1671;;;;791
1672;;;;792
1673;;;;791
1674;;;;788
1675;;;;787
1676;;;;791
1677;;;;790
1678;;;;791
1679;;;;791
1680;;;;790
1681;;;;790
1682;;;;790
1683;;;;788
1684;;;;790
1685;;;;789
1686;;;;793
1687;;;;792
1688;;;;792
1689;;;;795
1690;;;;796
1691;;;;795
1692;;;;797
1693;;;;797
1694;;;;797
1695;;;;797
1696;;;;798
1697;;;;796
1698;;;;795
1699;;;;794
1700;;;;794
1701;;;;792
1702;;;;792
1703;;;;792
1704;;;;792
1705;;;;793
1706;;;;793
1707;;;;793
1708;;;;794
1709;;;;795
1710;;;;795
1711;;;;796
1712;;;;797
1713;;;;795
1714;;;;797
1715;;;;796
1716;;;;793
1717;;;;794
1718;;;;795
1719;;;;795
1720;;;;795
1721;;;;794
1722;;;;794
1723;;;;793
1724;;;;793
1725;;;;793
1726;;;;793
1727;;;;793
1728;;;;792
1729;;;;791
1730;;;;790
1731;;;;790
1732;;;;790
1733;;;;790
1734;;;;790
1735;;;;793
1736;;;;793
1737;;;;798
1738;;;;799
1739;;;;799
1740;;;;799
1741;;;;800
1742;;;;800
1743;;;;801
1744;;;;802
1745;;;;802
1746;;;;802
1747;;;;803
1748;;;;803
1749;;;;804
1750;;;;804
1751;;;;804
1752;;;;804
1753;;;;802
1754;;;;802
1755;;;;801
1756;;;;800
1757;;;;801
1758;;;;800
1759;;;;803
1760;;;;803
1761;;;;803
1762;;;;804
1763;;;;808
1764;;;;808
1765;;;;806
1766;;;;806
1767;;;;805
1768;;;;806
1769;;;;808
1770;;;;810
1771;;;;810
1772;;;;814
1773;;;;815
1774;;;;815
1775;;;;815
1776;;;;815
1777;;;;815
1778;;;;816
1779;;;;816
1780;;;;814
1781;;;;814
1782;;;;814
1783;;;;815
1784;;;;815
1785;;;;817
1786;;;;816
1787;;;;816
1788;;;;817
1789;;;;817
1790;;;;816
1791;;;;816
1792;;;;816
1793;;;;816
1794;;;;817
1795;;;;817
1796;;;;818
1797;;;;816
1798;;;;816
1799;;;;816
1800;;;;815
1801;;;;815
1802;;;;815
1803;;;;815
1804;;;;814
1805;;;;813
1806;;;;813
1807;;;;813
1808;;;;813
1809;;;;813
1810;;;;813
1811;;;;813
1812;;;;813
1813;;;;812
1814;;;;810
1815;;;;809
1816;;;;808
1817;;;;808
1818;;;;808
1819;;;;807
1820;;;;807
1821;;;;807
1822;;;;806
1823;;;;806
1824;;;;806
1825;;;;805
1826;;;;806
1827;;;;806
1828;;;;805
1829;;;;800
1830;;;;798
1831;;;;800
1832;;;;800
1833;;;;800
1834;;;;805
1835;;;;805
1836;;;;810
1837;;;;810
1838;;;;810
1839;;;;811
1840;;;;811
1841;;;;813
1842;;;;814
1843;;;;812
1844;;;;812
1845;;;;813
1846;;;;812
1847;;;;812
1848;;;;812
1849;;;;812
1850;;;;809
1851;;;;808
1852;;;;807
1853;;;;808
1854;;;;811
1855;;;;807
1856;;;;810
1857;;;;813
1858;;;;812
1859;;;;812
1860;;;;815
1861;;;;814
1862;;;;814
1863;;;;813
1864;;;;812
1865;;;;814
1866;;;;815
1867;;;;815
1868;;;;816
1869;;;;814
1870;;;;814
1871;;;;814
1872;;;;814
1873;;;;814
1874;;;;814
1875;;;;817
1876;;;;817
1877;;;;817
1878;;;;813
1879;;;;812
1880;;;;811
1881;;;;810
1882;;;;809
1883;;;;807
1884;;;;807
1885;;;;803
1886;;;;802
1887;;;;802
1888;;;;798
1889;;;;797
1890;;;;797
1891;;;;795
1892;;;;795
1893;;;;795
1894;;;;795
1895;;;;794
1896;;;;794
1897;;;;794
1898;;;;794
1899;;;;793
1900;;;;793
1901;;;;793
1902;;;;793
1903;;;;794
1904;;;;796
1905;;;;796
1906;;;;798
1907;;;;798
1908;;;;798
1909;;;;792
1910;;;;790
1911;;;;790
1912;;;;790
1913;;;;790
1914;;;;790
1915;;;;789
1916;;;;788
1917;;;;791
1918;;;;791
1919;;;;793
1920;;;;793
1921;;;;793
1922;;;;795
1923;;;;795
1924;;;;796
1925;;;;800
1926;;;;800
1927;;;;800
1928;;;;802
1929;;;;801
1930;;;;801
1931;;;;802
1932;;;;801
1933;;;;801
1934;;;;801
1935;;;;802
1936;;;;801
1937;;;;801
1938;;;;801
1939;;;;797
1940;;;;796
1941;;;;796
1942;;;;796
1943;;;;797
1944;;;;797
1945;;;;796
1946;;;;796
1947;;;;796
1948;;;;796
1949;;;;796
1950;;;;796
1951;;;;795
1952;;;;795
1953;;;;795
1954;;;;795
1955;;;;798
1956;;;;799
1957;;;;801
1958;;;;803
1959;;;;805
1960;;;;806
1961;;;;806
1962;;;;806
1963;;;;806
1964;;;;807
1965;;;;807
1966;;;;808
1967;;;;811
1968;;;;812
1969;;;;812
1970;;;;812
1971;;;;815
1972;;;;815
1973;;;;815
1974;;;;815
1975;;;;815
1976;;;;816
1977;;;;816
1978;;;;813
1979;;;;814
1980;;;;816
1981;;;;817
1982;;;;816
1983;;;;818
1984;;;;818
1985;;;;818
1986;;;;818
1987;;;;821
1988;;;;821
1989;;;;817
1990;;;;816
1991;;;;816
1992;;;;816
1993;;;;813
1994;;;;813
1995;;;;813
1996;;;;813
1997;;;;808
1998;;;;807
1999;;;;809
2000;;;;809
