Dateiname,StartTemperatur,CoolingRate,IterationsAnzahl,Score
toy1,10000.0,10.0,1000,22.0
toy1,10000.0,9.0,1111,21.0
toy1,10000.0,8.0,1250,21.0
toy1,10000.0,7.0,1428,21.0
toy1,10000.0,6.0,1666,22.0
toy1,10000.0,5.0,2000,22.0
toy1,10000.0,4.0,2500,20.0
toy1,10000.0,3.0,3333,20.0
toy1,10000.0,2.0,5000,20.0
toy1,10000.0,1.0,10000,19.0
toy1,10000.0,10.0,1000,21.0
toy1,9000.0,10.0,900,22.0
toy1,8000.0,10.0,800,21.0
toy1,7000.0,10.0,700,21.0
toy1,6000.0,10.0,600,22.0
toy1,5000.0,10.0,500,21.0
toy1,4000.0,10.0,400,22.0
toy1,3000.0,10.0,300,22.0
toy1,2000.0,10.0,200,23.0
toy1,1000.0,10.0,100,23.0
toy1,5000.0,5.0,1000,21.0
toy1,5000.0,4.5,1111,21.0
toy1,5000.0,4.0,1250,21.0
toy1,5000.0,3.5,1428,21.0
toy1,5000.0,3.0,1666,21.0
toy1,5000.0,2.5,2000,21.0
toy1,5000.0,2.0,2500,21.0
toy1,5000.0,1.5,3333,20.0
toy1,5000.0,1.0,5000,20.0
toy1,5000.0,0.5,10000,20.0
toy1,5000.0,5.0,1000,21.0
toy1,4500.0,5.0,900,21.0
toy1,4000.0,5.0,800,22.0
toy1,3500.0,5.0,700,21.0
toy1,3000.0,5.0,600,21.0
toy1,2500.0,5.0,500,21.0
toy1,2000.0,5.0,400,22.0
toy1,1500.0,5.0,300,23.0
toy1,1000.0,5.0,200,22.0
toy1,500.0,5.0,100,22.0
toy1,1000.0,1.0,1000,21.0
toy1,1000.0,0.9,1111,21.0
toy1,1000.0,0.8,1250,21.0
toy1,1000.0,0.7000000000000001,1428,21.0
toy1,1000.0,0.6000000000000001,1666,21.0
toy1,1000.0,0.5000000000000001,1999,20.0
toy1,1000.0,0.40000000000000013,2499,21.0
toy1,1000.0,0.30000000000000016,3333,20.0
toy1,1000.0,0.20000000000000015,4999,21.0
toy1,1000.0,0.10000000000000014,9999,20.0
toy1,1000.0,1.0,1000,21.0
toy1,900.0,1.0,900,22.0
toy1,800.0,1.0,800,22.0
toy1,700.0,1.0,700,21.0
toy1,600.0,1.0,600,22.0
toy1,500.0,1.0,500,22.0
toy1,400.0,1.0,400,21.0
toy1,300.0,1.0,300,23.0
toy1,200.0,1.0,200,22.0
toy1,100.0,1.0,100,23.0
toy1,500.0,0.5,1000,21.0
toy1,500.0,0.45,1111,21.0
toy1,500.0,0.4,1250,22.0
toy1,500.0,0.35000000000000003,1428,22.0
toy1,500.0,0.30000000000000004,1666,21.0
toy1,500.0,0.25000000000000006,1999,21.0
toy1,500.0,0.20000000000000007,2499,20.0
toy1,500.0,0.15000000000000008,3333,21.0
toy1,500.0,0.10000000000000007,4999,19.0
toy1,500.0,0.05000000000000007,9999,19.0
toy1,500.0,0.5,1000,21.0
toy1,450.0,0.5,900,21.0
toy1,400.0,0.5,800,22.0
toy1,350.0,0.5,700,22.0
toy1,300.0,0.5,600,21.0
toy1,250.0,0.5,500,21.0
toy1,200.0,0.5,400,22.0
toy1,150.0,0.5,300,22.0
toy1,100.0,0.5,200,23.0
toy1,50.0,0.5,100,23.0
toy1,100.0,0.1,1000,22.0
toy1,100.0,0.09000000000000001,1111,21.0
toy1,100.0,0.08000000000000002,1249,21.0
toy1,100.0,0.07000000000000002,1428,21.0
toy1,100.0,0.06000000000000002,1666,21.0
toy1,100.0,0.05000000000000002,1999,21.0
toy1,100.0,0.040000000000000015,2499,21.0
toy1,100.0,0.030000000000000013,3333,20.0
toy1,100.0,0.02000000000000001,4999,20.0
toy1,100.0,0.01000000000000001,9999,20.0
toy1,100.0,0.1,1000,21.0
toy1,90.0,0.1,900,22.0
toy1,80.0,0.1,800,21.0
toy1,70.0,0.1,700,21.0
toy1,60.0,0.1,600,21.0
toy1,50.0,0.1,500,22.0
toy1,40.0,0.1,400,22.0
toy1,30.0,0.1,300,22.0
toy1,20.0,0.1,200,22.0
toy1,10.0,0.1,100,22.0
toy1,10.0,0.01,1000,21.0
toy1,10.0,0.009000000000000001,1111,22.0
toy1,10.0,0.008,1250,22.0
toy1,10.0,0.007,1428,21.0
toy1,10.0,0.006,1666,21.0
toy1,10.0,0.005,2000,20.0
toy1,10.0,0.004,2500,20.0
toy1,10.0,0.003,3333,21.0
toy1,10.0,0.002,5000,20.0
toy1,10.0,0.001,10000,19.0
toy1,10.0,0.01,1000,21.0
toy1,9.0,0.01,900,22.0
toy1,8.0,0.01,800,21.0
toy1,7.0,0.01,700,20.0
toy1,6.0,0.01,600,21.0
toy1,5.0,0.01,500,21.0
toy1,4.0,0.01,400,22.0
toy1,3.0,0.01,300,22.0
toy1,2.0,0.01,200,22.0
toy1,1.0,0.01,100,23.0
long01,10000.0,10.0,1000,770.0
long01,10000.0,9.0,1111,780.0
long01,10000.0,8.0,1250,774.0
long01,10000.0,7.0,1428,770.0
long01,10000.0,6.0,1666,761.0
long01,10000.0,5.0,2000,754.0
long01,10000.0,4.0,2500,770.0
long01,10000.0,3.0,3333,755.0
long01,10000.0,2.0,5000,760.0
long01,10000.0,1.0,10000,754.0
long01,10000.0,10.0,1000,767.0
long01,9000.0,10.0,900,770.0
long01,8000.0,10.0,800,795.0
long01,7000.0,10.0,700,787.0
long01,6000.0,10.0,600,783.0
long01,5000.0,10.0,500,766.0
long01,4000.0,10.0,400,788.0
long01,3000.0,10.0,300,783.0
long01,2000.0,10.0,200,802.0
long01,1000.0,10.0,100,776.0
long01,5000.0,5.0,1000,780.0
long01,5000.0,4.5,1111,782.0
long01,5000.0,4.0,1250,773.0
long01,5000.0,3.5,1428,765.0
long01,5000.0,3.0,1666,778.0
long01,5000.0,2.5,2000,777.0
long01,5000.0,2.0,2500,767.0
long01,5000.0,1.5,3333,769.0
long01,5000.0,1.0,5000,761.0
long01,5000.0,0.5,10000,753.0
long01,5000.0,5.0,1000,780.0
long01,4500.0,5.0,900,775.0
long01,4000.0,5.0,800,773.0
long01,3500.0,5.0,700,769.0
long01,3000.0,5.0,600,766.0
long01,2500.0,5.0,500,779.0
long01,2000.0,5.0,400,795.0
long01,1500.0,5.0,300,768.0
long01,1000.0,5.0,200,787.0
long01,500.0,5.0,100,800.0
long01,1000.0,1.0,1000,764.0
long01,1000.0,0.9,1111,773.0
long01,1000.0,0.8,1250,777.0
long01,1000.0,0.7000000000000001,1428,770.0
long01,1000.0,0.6000000000000001,1666,751.0
long01,1000.0,0.5000000000000001,1999,774.0
long01,1000.0,0.40000000000000013,2499,760.0
long01,1000.0,0.30000000000000016,3333,755.0
long01,1000.0,0.20000000000000015,4999,770.0
long01,1000.0,0.10000000000000014,9999,755.0
long01,1000.0,1.0,1000,775.0
long01,900.0,1.0,900,781.0
long01,800.0,1.0,800,774.0
long01,700.0,1.0,700,770.0
long01,600.0,1.0,600,771.0
long01,500.0,1.0,500,773.0
long01,400.0,1.0,400,770.0
long01,300.0,1.0,300,771.0
long01,200.0,1.0,200,779.0
long01,100.0,1.0,100,780.0
long01,500.0,0.5,1000,776.0
long01,500.0,0.45,1111,772.0
long01,500.0,0.4,1250,763.0
long01,500.0,0.35000000000000003,1428,763.0
long01,500.0,0.30000000000000004,1666,770.0
long01,500.0,0.25000000000000006,1999,774.0
long01,500.0,0.20000000000000007,2499,761.0
long01,500.0,0.15000000000000008,3333,771.0
long01,500.0,0.10000000000000007,4999,767.0
long01,500.0,0.05000000000000007,9999,754.0
long01,500.0,0.5,1000,782.0
long01,450.0,0.5,900,781.0
long01,400.0,0.5,800,781.0
long01,350.0,0.5,700,781.0
long01,300.0,0.5,600,794.0
long01,250.0,0.5,500,767.0
long01,200.0,0.5,400,784.0
long01,150.0,0.5,300,802.0
long01,100.0,0.5,200,797.0
long01,50.0,0.5,100,817.0
long01,100.0,0.1,1000,786.0
long01,100.0,0.09000000000000001,1111,774.0
long01,100.0,0.08000000000000002,1249,773.0
long01,100.0,0.07000000000000002,1428,769.0
long01,100.0,0.06000000000000002,1666,763.0
long01,100.0,0.05000000000000002,1999,786.0
long01,100.0,0.040000000000000015,2499,768.0
long01,100.0,0.030000000000000013,3333,767.0
long01,100.0,0.02000000000000001,4999,754.0
long01,100.0,0.01000000000000001,9999,752.0
long01,100.0,0.1,1000,794.0
long01,90.0,0.1,900,785.0
long01,80.0,0.1,800,764.0
long01,70.0,0.1,700,760.0
long01,60.0,0.1,600,766.0
long01,50.0,0.1,500,781.0
long01,40.0,0.1,400,776.0
long01,30.0,0.1,300,767.0
long01,20.0,0.1,200,770.0
long01,10.0,0.1,100,779.0
long01,10.0,0.01,1000,764.0
long01,10.0,0.009000000000000001,1111,779.0
long01,10.0,0.008,1250,778.0
long01,10.0,0.007,1428,768.0
long01,10.0,0.006,1666,767.0
long01,10.0,0.005,2000,765.0
long01,10.0,0.004,2500,759.0
long01,10.0,0.003,3333,767.0
long01,10.0,0.002,5000,762.0
long01,10.0,0.001,10000,757.0
long01,10.0,0.01,1000,772.0
long01,9.0,0.01,900,777.0
long01,8.0,0.01,800,774.0
long01,7.0,0.01,700,778.0
long01,6.0,0.01,600,768.0
long01,5.0,0.01,500,780.0
long01,4.0,0.01,400,786.0
long01,3.0,0.01,300,778.0
long01,2.0,0.01,200,792.0
long01,1.0,0.01,100,789.0
long_hidden01,10000.0,10.0,1000,3415.0
long_hidden01,10000.0,9.0,1111,3547.0
long_hidden01,10000.0,8.0,1250,3523.0
long_hidden01,10000.0,7.0,1428,3552.0
long_hidden01,10000.0,6.0,1666,3562.0
long_hidden01,10000.0,5.0,2000,3558.0
long_hidden01,10000.0,4.0,2500,3455.0
long_hidden01,10000.0,3.0,3333,3416.0
long_hidden01,10000.0,2.0,5000,3439.0
long_hidden01,10000.0,1.0,10000,3363.0
long_hidden01,10000.0,10.0,1000,3563.0
long_hidden01,9000.0,10.0,900,3619.0
long_hidden01,8000.0,10.0,800,3546.0
long_hidden01,7000.0,10.0,700,3573.0
long_hidden01,6000.0,10.0,600,3600.0
long_hidden01,5000.0,10.0,500,3521.0
long_hidden01,4000.0,10.0,400,3540.0
long_hidden01,3000.0,10.0,300,3565.0
long_hidden01,2000.0,10.0,200,3614.0
long_hidden01,1000.0,10.0,100,3731.0
long_hidden01,5000.0,5.0,1000,3331.0
long_hidden01,5000.0,4.5,1111,3454.0
long_hidden01,5000.0,4.0,1250,3553.0
long_hidden01,5000.0,3.5,1428,3542.0
long_hidden01,5000.0,3.0,1666,3487.0
long_hidden01,5000.0,2.5,2000,3526.0
long_hidden01,5000.0,2.0,2500,3464.0
long_hidden01,5000.0,1.5,3333,3426.0
long_hidden01,5000.0,1.0,5000,3463.0
long_hidden01,5000.0,0.5,10000,3361.0
long_hidden01,5000.0,5.0,1000,3545.0
long_hidden01,4500.0,5.0,900,3613.0
long_hidden01,4000.0,5.0,800,3557.0
long_hidden01,3500.0,5.0,700,3585.0
long_hidden01,3000.0,5.0,600,3533.0
long_hidden01,2500.0,5.0,500,3487.0
long_hidden01,2000.0,5.0,400,3545.0
long_hidden01,1500.0,5.0,300,3597.0
long_hidden01,1000.0,5.0,200,3632.0
long_hidden01,500.0,5.0,100,3576.0
long_hidden01,1000.0,1.0,1000,3390.0
long_hidden01,1000.0,0.9,1111,3466.0
long_hidden01,1000.0,0.8,1250,3567.0
long_hidden01,1000.0,0.7000000000000001,1428,3572.0
long_hidden01,1000.0,0.6000000000000001,1666,3567.0
long_hidden01,1000.0,0.5000000000000001,1999,3468.0
long_hidden01,1000.0,0.40000000000000013,2499,3510.0
long_hidden01,1000.0,0.30000000000000016,3333,3497.0
long_hidden01,1000.0,0.20000000000000015,4999,3468.0
long_hidden01,1000.0,0.10000000000000014,9999,3373.0
long_hidden01,1000.0,1.0,1000,3607.0
long_hidden01,900.0,1.0,900,3593.0
long_hidden01,800.0,1.0,800,3482.0
long_hidden01,700.0,1.0,700,3590.0
long_hidden01,600.0,1.0,600,3665.0
long_hidden01,500.0,1.0,500,3508.0
long_hidden01,400.0,1.0,400,3628.0
long_hidden01,300.0,1.0,300,3645.0
long_hidden01,200.0,1.0,200,3506.0
long_hidden01,100.0,1.0,100,3556.0
long_hidden01,500.0,0.5,1000,3363.0
long_hidden01,500.0,0.45,1111,3502.0
long_hidden01,500.0,0.4,1250,3482.0
long_hidden01,500.0,0.35000000000000003,1428,3446.0
long_hidden01,500.0,0.30000000000000004,1666,3455.0
long_hidden01,500.0,0.25000000000000006,1999,3438.0
long_hidden01,500.0,0.20000000000000007,2499,3476.0
long_hidden01,500.0,0.15000000000000008,3333,3429.0
long_hidden01,500.0,0.10000000000000007,4999,3454.0
long_hidden01,500.0,0.05000000000000007,9999,3361.0
long_hidden01,500.0,0.5,1000,3383.0
long_hidden01,450.0,0.5,900,3463.0
long_hidden01,400.0,0.5,800,3525.0
long_hidden01,350.0,0.5,700,3696.0
long_hidden01,300.0,0.5,600,3579.0
long_hidden01,250.0,0.5,500,3515.0
long_hidden01,200.0,0.5,400,3620.0
long_hidden01,150.0,0.5,300,3575.0
long_hidden01,100.0,0.5,200,3670.0
long_hidden01,50.0,0.5,100,3645.0
long_hidden01,100.0,0.1,1000,3435.0
long_hidden01,100.0,0.09000000000000001,1111,3563.0
long_hidden01,100.0,0.08000000000000002,1249,3443.0
long_hidden01,100.0,0.07000000000000002,1428,3508.0
long_hidden01,100.0,0.06000000000000002,1666,3501.0
long_hidden01,100.0,0.05000000000000002,1999,3499.0
long_hidden01,100.0,0.040000000000000015,2499,3451.0
long_hidden01,100.0,0.030000000000000013,3333,3479.0
long_hidden01,100.0,0.02000000000000001,4999,3409.0
long_hidden01,100.0,0.01000000000000001,9999,3376.0
long_hidden01,100.0,0.1,1000,3519.0
long_hidden01,90.0,0.1,900,3573.0
long_hidden01,80.0,0.1,800,3538.0
long_hidden01,70.0,0.1,700,3642.0
long_hidden01,60.0,0.1,600,3628.0
long_hidden01,50.0,0.1,500,3582.0
long_hidden01,40.0,0.1,400,3634.0
long_hidden01,30.0,0.1,300,3620.0
long_hidden01,20.0,0.1,200,3640.0
long_hidden01,10.0,0.1,100,3639.0
long_hidden01,10.0,0.01,1000,3392.0
long_hidden01,10.0,0.009000000000000001,1111,3535.0
long_hidden01,10.0,0.008,1250,3484.0
long_hidden01,10.0,0.007,1428,3463.0
long_hidden01,10.0,0.006,1666,3440.0
long_hidden01,10.0,0.005,2000,3501.0
long_hidden01,10.0,0.004,2500,3427.0
long_hidden01,10.0,0.003,3333,3430.0
long_hidden01,10.0,0.002,5000,3432.0
long_hidden01,10.0,0.001,10000,3351.0
long_hidden01,10.0,0.01,1000,3559.0
long_hidden01,9.0,0.01,900,3562.0
long_hidden01,8.0,0.01,800,3636.0
long_hidden01,7.0,0.01,700,3502.0
long_hidden01,6.0,0.01,600,3552.0
long_hidden01,5.0,0.01,500,3550.0
long_hidden01,4.0,0.01,400,3643.0
long_hidden01,3.0,0.01,300,3699.0
long_hidden01,2.0,0.01,200,3611.0
long_hidden01,1.0,0.01,100,3647.0
long_hint01,10000.0,10.0,1000,1256.0
long_hint01,10000.0,9.0,1111,1226.0
long_hint01,10000.0,8.0,1250,1213.0
long_hint01,10000.0,7.0,1428,1241.0
long_hint01,10000.0,6.0,1666,1198.0
long_hint01,10000.0,5.0,2000,1239.0
long_hint01,10000.0,4.0,2500,1208.0
long_hint01,10000.0,3.0,3333,1193.0
long_hint01,10000.0,2.0,5000,1197.0
long_hint01,10000.0,1.0,10000,1191.0
long_hint01,10000.0,10.0,1000,1230.0
long_hint01,9000.0,10.0,900,1271.0
long_hint01,8000.0,10.0,800,1209.0
long_hint01,7000.0,10.0,700,1260.0
long_hint01,6000.0,10.0,600,1219.0
long_hint01,5000.0,10.0,500,1258.0
long_hint01,4000.0,10.0,400,1239.0
long_hint01,3000.0,10.0,300,1275.0
long_hint01,2000.0,10.0,200,1264.0
long_hint01,1000.0,10.0,100,1241.0
long_hint01,5000.0,5.0,1000,1241.0
long_hint01,5000.0,4.5,1111,1225.0
long_hint01,5000.0,4.0,1250,1243.0
long_hint01,5000.0,3.5,1428,1199.0
long_hint01,5000.0,3.0,1666,1192.0
long_hint01,5000.0,2.5,2000,1252.0
long_hint01,5000.0,2.0,2500,1213.0
long_hint01,5000.0,1.5,3333,1213.0
long_hint01,5000.0,1.0,5000,1194.0
long_hint01,5000.0,0.5,10000,1187.0
long_hint01,5000.0,5.0,1000,1238.0
long_hint01,4500.0,5.0,900,1240.0
long_hint01,4000.0,5.0,800,1268.0
long_hint01,3500.0,5.0,700,1218.0
long_hint01,3000.0,5.0,600,1245.0
long_hint01,2500.0,5.0,500,1222.0
long_hint01,2000.0,5.0,400,1237.0
long_hint01,1500.0,5.0,300,1232.0
long_hint01,1000.0,5.0,200,1304.0
long_hint01,500.0,5.0,100,1301.0
long_hint01,1000.0,1.0,1000,1286.0
long_hint01,1000.0,0.9,1111,1229.0
long_hint01,1000.0,0.8,1250,1231.0
long_hint01,1000.0,0.7000000000000001,1428,1230.0
long_hint01,1000.0,0.6000000000000001,1666,1217.0
long_hint01,1000.0,0.5000000000000001,1999,1215.0
long_hint01,1000.0,0.40000000000000013,2499,1222.0
long_hint01,1000.0,0.30000000000000016,3333,1219.0
long_hint01,1000.0,0.20000000000000015,4999,1185.0
long_hint01,1000.0,0.10000000000000014,9999,1180.0
long_hint01,1000.0,1.0,1000,1214.0
long_hint01,900.0,1.0,900,1249.0
long_hint01,800.0,1.0,800,1239.0
long_hint01,700.0,1.0,700,1242.0
long_hint01,600.0,1.0,600,1276.0
long_hint01,500.0,1.0,500,1229.0
long_hint01,400.0,1.0,400,1265.0
long_hint01,300.0,1.0,300,1231.0
long_hint01,200.0,1.0,200,1272.0
long_hint01,100.0,1.0,100,1308.0
long_hint01,500.0,0.5,1000,1254.0
long_hint01,500.0,0.45,1111,1234.0
long_hint01,500.0,0.4,1250,1220.0
long_hint01,500.0,0.35000000000000003,1428,1235.0
long_hint01,500.0,0.30000000000000004,1666,1208.0
long_hint01,500.0,0.25000000000000006,1999,1205.0
long_hint01,500.0,0.20000000000000007,2499,1199.0
long_hint01,500.0,0.15000000000000008,3333,1205.0
long_hint01,500.0,0.10000000000000007,4999,1206.0
long_hint01,500.0,0.05000000000000007,9999,1162.0
long_hint01,500.0,0.5,1000,1237.0
long_hint01,450.0,0.5,900,1218.0
long_hint01,400.0,0.5,800,1213.0
long_hint01,350.0,0.5,700,1257.0
long_hint01,300.0,0.5,600,1245.0
long_hint01,250.0,0.5,500,1275.0
long_hint01,200.0,0.5,400,1257.0
long_hint01,150.0,0.5,300,1283.0
long_hint01,100.0,0.5,200,1269.0
long_hint01,50.0,0.5,100,1252.0
long_hint01,100.0,0.1,1000,1248.0
long_hint01,100.0,0.09000000000000001,1111,1212.0
long_hint01,100.0,0.08000000000000002,1249,1228.0
long_hint01,100.0,0.07000000000000002,1428,1236.0
long_hint01,100.0,0.06000000000000002,1666,1237.0
long_hint01,100.0,0.05000000000000002,1999,1244.0
long_hint01,100.0,0.040000000000000015,2499,1235.0
long_hint01,100.0,0.030000000000000013,3333,1203.0
long_hint01,100.0,0.02000000000000001,4999,1197.0
long_hint01,100.0,0.01000000000000001,9999,1196.0
long_hint01,100.0,0.1,1000,1219.0
long_hint01,90.0,0.1,900,1237.0
long_hint01,80.0,0.1,800,1241.0
long_hint01,70.0,0.1,700,1243.0
long_hint01,60.0,0.1,600,1257.0
long_hint01,50.0,0.1,500,1215.0
long_hint01,40.0,0.1,400,1231.0
long_hint01,30.0,0.1,300,1285.0
long_hint01,20.0,0.1,200,1236.0
long_hint01,10.0,0.1,100,1279.0
long_hint01,10.0,0.01,1000,1272.0
long_hint01,10.0,0.009000000000000001,1111,1261.0
long_hint01,10.0,0.008,1250,1207.0
long_hint01,10.0,0.007,1428,1220.0
long_hint01,10.0,0.006,1666,1214.0
long_hint01,10.0,0.005,2000,1204.0
long_hint01,10.0,0.004,2500,1196.0
long_hint01,10.0,0.003,3333,1216.0
long_hint01,10.0,0.002,5000,1208.0
long_hint01,10.0,0.001,10000,1177.0
long_hint01,10.0,0.01,1000,1230.0
long_hint01,9.0,0.01,900,1256.0
long_hint01,8.0,0.01,800,1249.0
long_hint01,7.0,0.01,700,1274.0
long_hint01,6.0,0.01,600,1213.0
long_hint01,5.0,0.01,500,1249.0
long_hint01,4.0,0.01,400,1258.0
long_hint01,3.0,0.01,300,1224.0
long_hint01,2.0,0.01,200,1239.0
long_hint01,1.0,0.01,100,1280.0
long_late01,10000.0,10.0,1000,3481.0
long_late01,10000.0,9.0,1111,3366.0
long_late01,10000.0,8.0,1250,3428.0
long_late01,10000.0,7.0,1428,3391.0
long_late01,10000.0,6.0,1666,3401.0
long_late01,10000.0,5.0,2000,3425.0
long_late01,10000.0,4.0,2500,3335.0
long_late01,10000.0,3.0,3333,3392.0
long_late01,10000.0,2.0,5000,3335.0
long_late01,10000.0,1.0,10000,3309.0
long_late01,10000.0,10.0,1000,3354.0
long_late01,9000.0,10.0,900,3464.0
long_late01,8000.0,10.0,800,3500.0
long_late01,7000.0,10.0,700,3485.0
long_late01,6000.0,10.0,600,3416.0
long_late01,5000.0,10.0,500,3435.0
long_late01,4000.0,10.0,400,3455.0
long_late01,3000.0,10.0,300,3467.0
long_late01,2000.0,10.0,200,3654.0
long_late01,1000.0,10.0,100,3535.0
long_late01,5000.0,5.0,1000,3538.0
long_late01,5000.0,4.5,1111,3436.0
long_late01,5000.0,4.0,1250,3403.0
long_late01,5000.0,3.5,1428,3488.0
long_late01,5000.0,3.0,1666,3499.0
long_late01,5000.0,2.5,2000,3384.0
long_late01,5000.0,2.0,2500,3340.0
long_late01,5000.0,1.5,3333,3408.0
long_late01,5000.0,1.0,5000,3281.0
long_late01,5000.0,0.5,10000,3272.0
long_late01,5000.0,5.0,1000,3494.0
long_late01,4500.0,5.0,900,3409.0
long_late01,4000.0,5.0,800,3545.0
long_late01,3500.0,5.0,700,3492.0
long_late01,3000.0,5.0,600,3584.0
long_late01,2500.0,5.0,500,3582.0
long_late01,2000.0,5.0,400,3591.0
long_late01,1500.0,5.0,300,3470.0
long_late01,1000.0,5.0,200,3568.0
long_late01,500.0,5.0,100,3769.0
long_late01,1000.0,1.0,1000,3566.0
long_late01,1000.0,0.9,1111,3523.0
long_late01,1000.0,0.8,1250,3496.0
long_late01,1000.0,0.7000000000000001,1428,3431.0
long_late01,1000.0,0.6000000000000001,1666,3432.0
long_late01,1000.0,0.5000000000000001,1999,3396.0
long_late01,1000.0,0.40000000000000013,2499,3338.0
long_late01,1000.0,0.30000000000000016,3333,3332.0
long_late01,1000.0,0.20000000000000015,4999,3331.0
long_late01,1000.0,0.10000000000000014,9999,3326.0
long_late01,1000.0,1.0,1000,3370.0
long_late01,900.0,1.0,900,3495.0
long_late01,800.0,1.0,800,3504.0
long_late01,700.0,1.0,700,3562.0
long_late01,600.0,1.0,600,3421.0
long_late01,500.0,1.0,500,3548.0
long_late01,400.0,1.0,400,3417.0
long_late01,300.0,1.0,300,3486.0
long_late01,200.0,1.0,200,3510.0
long_late01,100.0,1.0,100,3520.0
long_late01,500.0,0.5,1000,3535.0
long_late01,500.0,0.45,1111,3504.0
long_late01,500.0,0.4,1250,3459.0
long_late01,500.0,0.35000000000000003,1428,3477.0
long_late01,500.0,0.30000000000000004,1666,3496.0
long_late01,500.0,0.25000000000000006,1999,3369.0
long_late01,500.0,0.20000000000000007,2499,3365.0
long_late01,500.0,0.15000000000000008,3333,3399.0
long_late01,500.0,0.10000000000000007,4999,3264.0
long_late01,500.0,0.05000000000000007,9999,3301.0
long_late01,500.0,0.5,1000,3313.0
long_late01,450.0,0.5,900,3351.0
long_late01,400.0,0.5,800,3427.0
long_late01,350.0,0.5,700,3432.0
long_late01,300.0,0.5,600,3448.0
long_late01,250.0,0.5,500,3533.0
long_late01,200.0,0.5,400,3465.0
long_late01,150.0,0.5,300,3426.0
long_late01,100.0,0.5,200,3326.0
long_late01,50.0,0.5,100,3384.0
long_late01,100.0,0.1,1000,3590.0
long_late01,100.0,0.09000000000000001,1111,3489.0
long_late01,100.0,0.08000000000000002,1249,3431.0
long_late01,100.0,0.07000000000000002,1428,3385.0
long_late01,100.0,0.06000000000000002,1666,3420.0
long_late01,100.0,0.05000000000000002,1999,3402.0
long_late01,100.0,0.040000000000000015,2499,3378.0
long_late01,100.0,0.030000000000000013,3333,3419.0
long_late01,100.0,0.02000000000000001,4999,3389.0
long_late01,100.0,0.01000000000000001,9999,3303.0
long_late01,100.0,0.1,1000,3465.0
long_late01,90.0,0.1,900,3439.0
long_late01,80.0,0.1,800,3438.0
long_late01,70.0,0.1,700,3388.0
long_late01,60.0,0.1,600,3544.0
long_late01,50.0,0.1,500,3573.0
long_late01,40.0,0.1,400,3597.0
long_late01,30.0,0.1,300,3444.0
long_late01,20.0,0.1,200,3485.0
long_late01,10.0,0.1,100,3377.0
long_late01,10.0,0.01,1000,3547.0
long_late01,10.0,0.009000000000000001,1111,3527.0
long_late01,10.0,0.008,1250,3445.0
long_late01,10.0,0.007,1428,3454.0
long_late01,10.0,0.006,1666,3457.0
long_late01,10.0,0.005,2000,3384.0
long_late01,10.0,0.004,2500,3392.0
long_late01,10.0,0.003,3333,3336.0
long_late01,10.0,0.002,5000,3300.0
long_late01,10.0,0.001,10000,3270.0
long_late01,10.0,0.01,1000,3503.0
long_late01,9.0,0.01,900,3509.0
long_late01,8.0,0.01,800,3526.0
long_late01,7.0,0.01,700,3473.0
long_late01,6.0,0.01,600,3565.0
long_late01,5.0,0.01,500,3565.0
long_late01,4.0,0.01,400,3421.0
long_late01,3.0,0.01,300,3661.0
long_late01,2.0,0.01,200,3778.0
long_late01,1.0,0.01,100,3768.0
medium01,10000.0,10.0,1000,649.0
medium01,10000.0,9.0,1111,660.0
medium01,10000.0,8.0,1250,651.0
medium01,10000.0,7.0,1428,652.0
medium01,10000.0,6.0,1666,649.0
medium01,10000.0,5.0,2000,650.0
medium01,10000.0,4.0,2500,652.0
medium01,10000.0,3.0,3333,648.0
medium01,10000.0,2.0,5000,647.0
medium01,10000.0,1.0,10000,632.0
medium01,10000.0,10.0,1000,661.0
medium01,9000.0,10.0,900,664.0
medium01,8000.0,10.0,800,656.0
medium01,7000.0,10.0,700,674.0
medium01,6000.0,10.0,600,669.0
medium01,5000.0,10.0,500,663.0
medium01,4000.0,10.0,400,683.0
medium01,3000.0,10.0,300,664.0
medium01,2000.0,10.0,200,667.0
medium01,1000.0,10.0,100,670.0
medium01,5000.0,5.0,1000,671.0
medium01,5000.0,4.5,1111,640.0
medium01,5000.0,4.0,1250,641.0
medium01,5000.0,3.5,1428,657.0
medium01,5000.0,3.0,1666,655.0
medium01,5000.0,2.5,2000,649.0
medium01,5000.0,2.0,2500,652.0
medium01,5000.0,1.5,3333,644.0
medium01,5000.0,1.0,5000,637.0
medium01,5000.0,0.5,10000,633.0
medium01,5000.0,5.0,1000,667.0
medium01,4500.0,5.0,900,656.0
medium01,4000.0,5.0,800,656.0
medium01,3500.0,5.0,700,652.0
medium01,3000.0,5.0,600,668.0
medium01,2500.0,5.0,500,670.0
medium01,2000.0,5.0,400,650.0
medium01,1500.0,5.0,300,687.0
medium01,1000.0,5.0,200,682.0
medium01,500.0,5.0,100,707.0
medium01,1000.0,1.0,1000,661.0
medium01,1000.0,0.9,1111,666.0
medium01,1000.0,0.8,1250,659.0
medium01,1000.0,0.7000000000000001,1428,655.0
medium01,1000.0,0.6000000000000001,1666,654.0
medium01,1000.0,0.5000000000000001,1999,652.0
medium01,1000.0,0.40000000000000013,2499,652.0
medium01,1000.0,0.30000000000000016,3333,637.0
medium01,1000.0,0.20000000000000015,4999,645.0
medium01,1000.0,0.10000000000000014,9999,637.0
medium01,1000.0,1.0,1000,655.0
medium01,900.0,1.0,900,652.0
medium01,800.0,1.0,800,665.0
medium01,700.0,1.0,700,666.0
medium01,600.0,1.0,600,651.0
medium01,500.0,1.0,500,657.0
medium01,400.0,1.0,400,673.0
medium01,300.0,1.0,300,665.0
medium01,200.0,1.0,200,668.0
medium01,100.0,1.0,100,694.0
medium01,500.0,0.5,1000,654.0
medium01,500.0,0.45,1111,661.0
medium01,500.0,0.4,1250,654.0
medium01,500.0,0.35000000000000003,1428,655.0
medium01,500.0,0.30000000000000004,1666,650.0
medium01,500.0,0.25000000000000006,1999,655.0
medium01,500.0,0.20000000000000007,2499,645.0
medium01,500.0,0.15000000000000008,3333,650.0
medium01,500.0,0.10000000000000007,4999,643.0
medium01,500.0,0.05000000000000007,9999,629.0
medium01,500.0,0.5,1000,651.0
medium01,450.0,0.5,900,674.0
medium01,400.0,0.5,800,657.0
medium01,350.0,0.5,700,665.0
medium01,300.0,0.5,600,657.0
medium01,250.0,0.5,500,663.0
medium01,200.0,0.5,400,657.0
medium01,150.0,0.5,300,669.0
medium01,100.0,0.5,200,694.0
medium01,50.0,0.5,100,694.0
medium01,100.0,0.1,1000,653.0
medium01,100.0,0.09000000000000001,1111,653.0
medium01,100.0,0.08000000000000002,1249,649.0
medium01,100.0,0.07000000000000002,1428,645.0
medium01,100.0,0.06000000000000002,1666,646.0
medium01,100.0,0.05000000000000002,1999,654.0
medium01,100.0,0.040000000000000015,2499,640.0
medium01,100.0,0.030000000000000013,3333,645.0
medium01,100.0,0.02000000000000001,4999,637.0
medium01,100.0,0.01000000000000001,9999,634.0
medium01,100.0,0.1,1000,650.0
medium01,90.0,0.1,900,675.0
medium01,80.0,0.1,800,662.0
medium01,70.0,0.1,700,651.0
medium01,60.0,0.1,600,648.0
medium01,50.0,0.1,500,660.0
medium01,40.0,0.1,400,646.0
medium01,30.0,0.1,300,660.0
medium01,20.0,0.1,200,667.0
medium01,10.0,0.1,100,683.0
medium01,10.0,0.01,1000,655.0
medium01,10.0,0.009000000000000001,1111,668.0
medium01,10.0,0.008,1250,640.0
medium01,10.0,0.007,1428,650.0
medium01,10.0,0.006,1666,651.0
medium01,10.0,0.005,2000,646.0
medium01,10.0,0.004,2500,644.0
medium01,10.0,0.003,3333,652.0
medium01,10.0,0.002,5000,648.0
medium01,10.0,0.001,10000,632.0
medium01,10.0,0.01,1000,650.0
medium01,9.0,0.01,900,651.0
medium01,8.0,0.01,800,649.0
medium01,7.0,0.01,700,651.0
medium01,6.0,0.01,600,670.0
medium01,5.0,0.01,500,655.0
medium01,4.0,0.01,400,663.0
medium01,3.0,0.01,300,660.0
medium01,2.0,0.01,200,672.0
medium01,1.0,0.01,100,671.0
medium_hidden01,10000.0,10.0,1000,2978.0
medium_hidden01,10000.0,9.0,1111,3060.0
medium_hidden01,10000.0,8.0,1250,3083.0
medium_hidden01,10000.0,7.0,1428,2993.0
medium_hidden01,10000.0,6.0,1666,3019.0
medium_hidden01,10000.0,5.0,2000,3051.0
medium_hidden01,10000.0,4.0,2500,2979.0
medium_hidden01,10000.0,3.0,3333,3033.0
medium_hidden01,10000.0,2.0,5000,2955.0
medium_hidden01,10000.0,1.0,10000,2959.0
medium_hidden01,10000.0,10.0,1000,2989.0
medium_hidden01,9000.0,10.0,900,3107.0
medium_hidden01,8000.0,10.0,800,3099.0
medium_hidden01,7000.0,10.0,700,3094.0
medium_hidden01,6000.0,10.0,600,3193.0
medium_hidden01,5000.0,10.0,500,3126.0
medium_hidden01,4000.0,10.0,400,3179.0
medium_hidden01,3000.0,10.0,300,3219.0
medium_hidden01,2000.0,10.0,200,3191.0
medium_hidden01,1000.0,10.0,100,3404.0
medium_hidden01,5000.0,5.0,1000,2966.0
medium_hidden01,5000.0,4.5,1111,3007.0
medium_hidden01,5000.0,4.0,1250,2966.0
medium_hidden01,5000.0,3.5,1428,3088.0
medium_hidden01,5000.0,3.0,1666,3076.0
medium_hidden01,5000.0,2.5,2000,2954.0
medium_hidden01,5000.0,2.0,2500,2981.0
medium_hidden01,5000.0,1.5,3333,3023.0
medium_hidden01,5000.0,1.0,5000,2958.0
medium_hidden01,5000.0,0.5,10000,2881.0
medium_hidden01,5000.0,5.0,1000,3033.0
medium_hidden01,4500.0,5.0,900,3123.0
medium_hidden01,4000.0,5.0,800,2998.0
medium_hidden01,3500.0,5.0,700,3060.0
medium_hidden01,3000.0,5.0,600,3185.0
medium_hidden01,2500.0,5.0,500,2941.0
medium_hidden01,2000.0,5.0,400,3281.0
medium_hidden01,1500.0,5.0,300,3295.0
medium_hidden01,1000.0,5.0,200,3344.0
medium_hidden01,500.0,5.0,100,3448.0
medium_hidden01,1000.0,1.0,1000,2950.0
medium_hidden01,1000.0,0.9,1111,3015.0
medium_hidden01,1000.0,0.8,1250,3148.0
medium_hidden01,1000.0,0.7000000000000001,1428,3129.0
medium_hidden01,1000.0,0.6000000000000001,1666,3046.0
medium_hidden01,1000.0,0.5000000000000001,1999,2976.0
medium_hidden01,1000.0,0.40000000000000013,2499,2958.0
medium_hidden01,1000.0,0.30000000000000016,3333,2991.0
medium_hidden01,1000.0,0.20000000000000015,4999,2993.0
medium_hidden01,1000.0,0.10000000000000014,9999,2966.0
medium_hidden01,1000.0,1.0,1000,3108.0
medium_hidden01,900.0,1.0,900,3124.0
medium_hidden01,800.0,1.0,800,3062.0
medium_hidden01,700.0,1.0,700,3107.0
medium_hidden01,600.0,1.0,600,3242.0
medium_hidden01,500.0,1.0,500,3134.0
medium_hidden01,400.0,1.0,400,3156.0
medium_hidden01,300.0,1.0,300,3180.0
medium_hidden01,200.0,1.0,200,3522.0
medium_hidden01,100.0,1.0,100,3126.0
medium_hidden01,500.0,0.5,1000,2976.0
medium_hidden01,500.0,0.45,1111,3089.0
medium_hidden01,500.0,0.4,1250,3169.0
medium_hidden01,500.0,0.35000000000000003,1428,3075.0
medium_hidden01,500.0,0.30000000000000004,1666,3053.0
medium_hidden01,500.0,0.25000000000000006,1999,3025.0
medium_hidden01,500.0,0.20000000000000007,2499,2950.0
medium_hidden01,500.0,0.15000000000000008,3333,2954.0
medium_hidden01,500.0,0.10000000000000007,4999,2919.0
medium_hidden01,500.0,0.05000000000000007,9999,2873.0
medium_hidden01,500.0,0.5,1000,3022.0
medium_hidden01,450.0,0.5,900,3147.0
medium_hidden01,400.0,0.5,800,3037.0
medium_hidden01,350.0,0.5,700,3143.0
medium_hidden01,300.0,0.5,600,3218.0
medium_hidden01,250.0,0.5,500,3128.0
medium_hidden01,200.0,0.5,400,3232.0
medium_hidden01,150.0,0.5,300,3313.0
medium_hidden01,100.0,0.5,200,3207.0
medium_hidden01,50.0,0.5,100,3197.0
medium_hidden01,100.0,0.1,1000,2914.0
medium_hidden01,100.0,0.09000000000000001,1111,3098.0
medium_hidden01,100.0,0.08000000000000002,1249,3064.0
medium_hidden01,100.0,0.07000000000000002,1428,3065.0
medium_hidden01,100.0,0.06000000000000002,1666,3083.0
medium_hidden01,100.0,0.05000000000000002,1999,3039.0
medium_hidden01,100.0,0.040000000000000015,2499,3047.0
medium_hidden01,100.0,0.030000000000000013,3333,2979.0
medium_hidden01,100.0,0.02000000000000001,4999,2937.0
medium_hidden01,100.0,0.01000000000000001,9999,2955.0
medium_hidden01,100.0,0.1,1000,3098.0
medium_hidden01,90.0,0.1,900,2931.0
medium_hidden01,80.0,0.1,800,3068.0
medium_hidden01,70.0,0.1,700,3295.0
medium_hidden01,60.0,0.1,600,3219.0
medium_hidden01,50.0,0.1,500,3157.0
medium_hidden01,40.0,0.1,400,3111.0
medium_hidden01,30.0,0.1,300,3127.0
medium_hidden01,20.0,0.1,200,3439.0
medium_hidden01,10.0,0.1,100,3311.0
medium_hidden01,10.0,0.01,1000,2945.0
medium_hidden01,10.0,0.009000000000000001,1111,3035.0
medium_hidden01,10.0,0.008,1250,3111.0
medium_hidden01,10.0,0.007,1428,3027.0
medium_hidden01,10.0,0.006,1666,3090.0
medium_hidden01,10.0,0.005,2000,3094.0
medium_hidden01,10.0,0.004,2500,3049.0
medium_hidden01,10.0,0.003,3333,2933.0
medium_hidden01,10.0,0.002,5000,2998.0
medium_hidden01,10.0,0.001,10000,2854.0
medium_hidden01,10.0,0.01,1000,3068.0
medium_hidden01,9.0,0.01,900,3174.0
medium_hidden01,8.0,0.01,800,3118.0
medium_hidden01,7.0,0.01,700,3194.0
medium_hidden01,6.0,0.01,600,3259.0
medium_hidden01,5.0,0.01,500,3265.0
medium_hidden01,4.0,0.01,400,3011.0
medium_hidden01,3.0,0.01,300,3212.0
medium_hidden01,2.0,0.01,200,3359.0
medium_hidden01,1.0,0.01,100,3723.0
medium_hint01,10000.0,10.0,1000,1120.0
medium_hint01,10000.0,9.0,1111,1059.0
medium_hint01,10000.0,8.0,1250,1073.0
medium_hint01,10000.0,7.0,1428,1069.0
medium_hint01,10000.0,6.0,1666,1049.0
medium_hint01,10000.0,5.0,2000,1032.0
medium_hint01,10000.0,4.0,2500,1052.0
medium_hint01,10000.0,3.0,3333,1048.0
medium_hint01,10000.0,2.0,5000,1043.0
medium_hint01,10000.0,1.0,10000,1015.0
medium_hint01,10000.0,10.0,1000,1076.0
medium_hint01,9000.0,10.0,900,1103.0
medium_hint01,8000.0,10.0,800,1105.0
medium_hint01,7000.0,10.0,700,1081.0
medium_hint01,6000.0,10.0,600,1064.0
medium_hint01,5000.0,10.0,500,1079.0
medium_hint01,4000.0,10.0,400,1114.0
medium_hint01,3000.0,10.0,300,1090.0
medium_hint01,2000.0,10.0,200,1038.0
medium_hint01,1000.0,10.0,100,1128.0
medium_hint01,5000.0,5.0,1000,1057.0
medium_hint01,5000.0,4.5,1111,1043.0
medium_hint01,5000.0,4.0,1250,1067.0
medium_hint01,5000.0,3.5,1428,1075.0
medium_hint01,5000.0,3.0,1666,1079.0
medium_hint01,5000.0,2.5,2000,1053.0
medium_hint01,5000.0,2.0,2500,1056.0
medium_hint01,5000.0,1.5,3333,1049.0
medium_hint01,5000.0,1.0,5000,1032.0
medium_hint01,5000.0,0.5,10000,1027.0
medium_hint01,5000.0,5.0,1000,1059.0
medium_hint01,4500.0,5.0,900,1089.0
medium_hint01,4000.0,5.0,800,1073.0
medium_hint01,3500.0,5.0,700,1088.0
medium_hint01,3000.0,5.0,600,1089.0
medium_hint01,2500.0,5.0,500,1069.0
medium_hint01,2000.0,5.0,400,1126.0
medium_hint01,1500.0,5.0,300,1165.0
medium_hint01,1000.0,5.0,200,1140.0
medium_hint01,500.0,5.0,100,1119.0
medium_hint01,1000.0,1.0,1000,1110.0
medium_hint01,1000.0,0.9,1111,1077.0
medium_hint01,1000.0,0.8,1250,1097.0
medium_hint01,1000.0,0.7000000000000001,1428,1063.0
medium_hint01,1000.0,0.6000000000000001,1666,1069.0
medium_hint01,1000.0,0.5000000000000001,1999,1041.0
medium_hint01,1000.0,0.40000000000000013,2499,1053.0
medium_hint01,1000.0,0.30000000000000016,3333,1044.0
medium_hint01,1000.0,0.20000000000000015,4999,1028.0
medium_hint01,1000.0,0.10000000000000014,9999,1029.0
medium_hint01,1000.0,1.0,1000,1079.0
medium_hint01,900.0,1.0,900,1071.0
medium_hint01,800.0,1.0,800,1106.0
medium_hint01,700.0,1.0,700,1061.0
medium_hint01,600.0,1.0,600,1085.0
medium_hint01,500.0,1.0,500,1092.0
medium_hint01,400.0,1.0,400,1121.0
medium_hint01,300.0,1.0,300,1094.0
medium_hint01,200.0,1.0,200,1162.0
medium_hint01,100.0,1.0,100,1124.0
medium_hint01,500.0,0.5,1000,1053.0
medium_hint01,500.0,0.45,1111,1072.0
medium_hint01,500.0,0.4,1250,1052.0
medium_hint01,500.0,0.35000000000000003,1428,1048.0
medium_hint01,500.0,0.30000000000000004,1666,1070.0
medium_hint01,500.0,0.25000000000000006,1999,1049.0
medium_hint01,500.0,0.20000000000000007,2499,1042.0
medium_hint01,500.0,0.15000000000000008,3333,1039.0
medium_hint01,500.0,0.10000000000000007,4999,1016.0
medium_hint01,500.0,0.05000000000000007,9999,1032.0
medium_hint01,500.0,0.5,1000,1090.0
medium_hint01,450.0,0.5,900,1049.0
medium_hint01,400.0,0.5,800,1088.0
medium_hint01,350.0,0.5,700,1048.0
medium_hint01,300.0,0.5,600,1074.0
medium_hint01,250.0,0.5,500,1128.0
medium_hint01,200.0,0.5,400,1129.0
medium_hint01,150.0,0.5,300,1124.0
medium_hint01,100.0,0.5,200,1147.0
medium_hint01,50.0,0.5,100,1067.0
medium_hint01,100.0,0.1,1000,1089.0
medium_hint01,100.0,0.09000000000000001,1111,1081.0
medium_hint01,100.0,0.08000000000000002,1249,1043.0
medium_hint01,100.0,0.07000000000000002,1428,1068.0
medium_hint01,100.0,0.06000000000000002,1666,1037.0
medium_hint01,100.0,0.05000000000000002,1999,1061.0
medium_hint01,100.0,0.040000000000000015,2499,1035.0
medium_hint01,100.0,0.030000000000000013,3333,1044.0
medium_hint01,100.0,0.02000000000000001,4999,1031.0
medium_hint01,100.0,0.01000000000000001,9999,1014.0
medium_hint01,100.0,0.1,1000,1076.0
medium_hint01,90.0,0.1,900,1069.0
medium_hint01,80.0,0.1,800,1048.0
medium_hint01,70.0,0.1,700,1090.0
medium_hint01,60.0,0.1,600,1068.0
medium_hint01,50.0,0.1,500,1074.0
medium_hint01,40.0,0.1,400,1072.0
medium_hint01,30.0,0.1,300,1136.0
medium_hint01,20.0,0.1,200,1120.0
medium_hint01,10.0,0.1,100,1207.0
medium_hint01,10.0,0.01,1000,1092.0
medium_hint01,10.0,0.009000000000000001,1111,1064.0
medium_hint01,10.0,0.008,1250,1085.0
medium_hint01,10.0,0.007,1428,1069.0
medium_hint01,10.0,0.006,1666,1061.0
medium_hint01,10.0,0.005,2000,1063.0
medium_hint01,10.0,0.004,2500,1064.0
medium_hint01,10.0,0.003,3333,1029.0
medium_hint01,10.0,0.002,5000,1036.0
medium_hint01,10.0,0.001,10000,1015.0
medium_hint01,10.0,0.01,1000,1057.0
medium_hint01,9.0,0.01,900,1095.0
medium_hint01,8.0,0.01,800,1092.0
medium_hint01,7.0,0.01,700,1072.0
medium_hint01,6.0,0.01,600,1096.0
medium_hint01,5.0,0.01,500,1107.0
medium_hint01,4.0,0.01,400,1138.0
medium_hint01,3.0,0.01,300,1147.0
medium_hint01,2.0,0.01,200,1108.0
medium_hint01,1.0,0.01,100,1082.0
medium_late01,10000.0,10.0,1000,2121.0
medium_late01,10000.0,9.0,1111,2136.0
medium_late01,10000.0,8.0,1250,2102.0
medium_late01,10000.0,7.0,1428,2092.0
medium_late01,10000.0,6.0,1666,2089.0
medium_late01,10000.0,5.0,2000,2071.0
medium_late01,10000.0,4.0,2500,2072.0
medium_late01,10000.0,3.0,3333,2029.0
medium_late01,10000.0,2.0,5000,2060.0
medium_late01,10000.0,1.0,10000,2027.0
medium_late01,10000.0,10.0,1000,2124.0
medium_late01,9000.0,10.0,900,2160.0
medium_late01,8000.0,10.0,800,2121.0
medium_late01,7000.0,10.0,700,2153.0
medium_late01,6000.0,10.0,600,2190.0
medium_late01,5000.0,10.0,500,2180.0
medium_late01,4000.0,10.0,400,2118.0
medium_late01,3000.0,10.0,300,2186.0
medium_late01,2000.0,10.0,200,2205.0
medium_late01,1000.0,10.0,100,2198.0
medium_late01,5000.0,5.0,1000,2093.0
medium_late01,5000.0,4.5,1111,2082.0
medium_late01,5000.0,4.0,1250,2121.0
medium_late01,5000.0,3.5,1428,2136.0
medium_late01,5000.0,3.0,1666,2069.0
medium_late01,5000.0,2.5,2000,2053.0
medium_late01,5000.0,2.0,2500,2062.0
medium_late01,5000.0,1.5,3333,2081.0
medium_late01,5000.0,1.0,5000,2039.0
medium_late01,5000.0,0.5,10000,2028.0
medium_late01,5000.0,5.0,1000,2125.0
medium_late01,4500.0,5.0,900,2124.0
medium_late01,4000.0,5.0,800,2125.0
medium_late01,3500.0,5.0,700,2190.0
medium_late01,3000.0,5.0,600,2159.0
medium_late01,2500.0,5.0,500,2235.0
medium_late01,2000.0,5.0,400,2162.0
medium_late01,1500.0,5.0,300,2148.0
medium_late01,1000.0,5.0,200,2109.0
medium_late01,500.0,5.0,100,2223.0
medium_late01,1000.0,1.0,1000,2201.0
medium_late01,1000.0,0.9,1111,2116.0
medium_late01,1000.0,0.8,1250,2092.0
medium_late01,1000.0,0.7000000000000001,1428,2057.0
medium_late01,1000.0,0.6000000000000001,1666,2144.0
medium_late01,1000.0,0.5000000000000001,1999,2106.0
medium_late01,1000.0,0.40000000000000013,2499,2092.0
medium_late01,1000.0,0.30000000000000016,3333,2059.0
medium_late01,1000.0,0.20000000000000015,4999,2038.0
medium_late01,1000.0,0.10000000000000014,9999,2024.0
medium_late01,1000.0,1.0,1000,2195.0
medium_late01,900.0,1.0,900,2140.0
medium_late01,800.0,1.0,800,2084.0
medium_late01,700.0,1.0,700,2130.0
medium_late01,600.0,1.0,600,2145.0
medium_late01,500.0,1.0,500,2195.0
medium_late01,400.0,1.0,400,2260.0
medium_late01,300.0,1.0,300,2261.0
medium_late01,200.0,1.0,200,2174.0
medium_late01,100.0,1.0,100,2089.0
medium_late01,500.0,0.5,1000,2127.0
medium_late01,500.0,0.45,1111,2170.0
medium_late01,500.0,0.4,1250,2083.0
medium_late01,500.0,0.35000000000000003,1428,2114.0
medium_late01,500.0,0.30000000000000004,1666,2094.0
medium_late01,500.0,0.25000000000000006,1999,2115.0
medium_late01,500.0,0.20000000000000007,2499,2054.0
medium_late01,500.0,0.15000000000000008,3333,2068.0
medium_late01,500.0,0.10000000000000007,4999,2039.0
medium_late01,500.0,0.05000000000000007,9999,1986.0
medium_late01,500.0,0.5,1000,2123.0
medium_late01,450.0,0.5,900,2149.0
medium_late01,400.0,0.5,800,2167.0
medium_late01,350.0,0.5,700,2089.0
medium_late01,300.0,0.5,600,2146.0
medium_late01,250.0,0.5,500,2155.0
medium_late01,200.0,0.5,400,2183.0
medium_late01,150.0,0.5,300,2111.0
medium_late01,100.0,0.5,200,2098.0
medium_late01,50.0,0.5,100,2223.0
medium_late01,100.0,0.1,1000,2141.0
medium_late01,100.0,0.09000000000000001,1111,2147.0
medium_late01,100.0,0.08000000000000002,1249,2109.0
medium_late01,100.0,0.07000000000000002,1428,2086.0
medium_late01,100.0,0.06000000000000002,1666,2050.0
medium_late01,100.0,0.05000000000000002,1999,2076.0
medium_late01,100.0,0.040000000000000015,2499,2081.0
medium_late01,100.0,0.030000000000000013,3333,2053.0
medium_late01,100.0,0.02000000000000001,4999,2033.0
medium_late01,100.0,0.01000000000000001,9999,1983.0
medium_late01,100.0,0.1,1000,2137.0
medium_late01,90.0,0.1,900,2079.0
medium_late01,80.0,0.1,800,2122.0
medium_late01,70.0,0.1,700,2163.0
medium_late01,60.0,0.1,600,2200.0
medium_late01,50.0,0.1,500,2165.0
medium_late01,40.0,0.1,400,2141.0
medium_late01,30.0,0.1,300,2261.0
medium_late01,20.0,0.1,200,2151.0
medium_late01,10.0,0.1,100,2175.0
medium_late01,10.0,0.01,1000,2174.0
medium_late01,10.0,0.009000000000000001,1111,2082.0
medium_late01,10.0,0.008,1250,2117.0
medium_late01,10.0,0.007,1428,2071.0
medium_late01,10.0,0.006,1666,2102.0
medium_late01,10.0,0.005,2000,2128.0
medium_late01,10.0,0.004,2500,2075.0
medium_late01,10.0,0.003,3333,2046.0
medium_late01,10.0,0.002,5000,2044.0
medium_late01,10.0,0.001,10000,2020.0
medium_late01,10.0,0.01,1000,2131.0
medium_late01,9.0,0.01,900,2146.0
medium_late01,8.0,0.01,800,2099.0
medium_late01,7.0,0.01,700,2175.0
medium_late01,6.0,0.01,600,2101.0
medium_late01,5.0,0.01,500,2174.0
medium_late01,4.0,0.01,400,2128.0
medium_late01,3.0,0.01,300,2171.0
medium_late01,2.0,0.01,200,2193.0
medium_late01,1.0,0.01,100,2217.0
sprint01,10000.0,10.0,1000,187.0
sprint01,10000.0,9.0,1111,178.0
sprint01,10000.0,8.0,1250,178.0
sprint01,10000.0,7.0,1428,179.0
sprint01,10000.0,6.0,1666,177.0
sprint01,10000.0,5.0,2000,176.0
sprint01,10000.0,4.0,2500,174.0
sprint01,10000.0,3.0,3333,176.0
sprint01,10000.0,2.0,5000,175.0
sprint01,10000.0,1.0,10000,171.0
sprint01,10000.0,10.0,1000,183.0
sprint01,9000.0,10.0,900,183.0
sprint01,8000.0,10.0,800,184.0
sprint01,7000.0,10.0,700,193.0
sprint01,6000.0,10.0,600,184.0
sprint01,5000.0,10.0,500,183.0
sprint01,4000.0,10.0,400,184.0
sprint01,3000.0,10.0,300,183.0
sprint01,2000.0,10.0,200,180.0
sprint01,1000.0,10.0,100,192.0
sprint01,5000.0,5.0,1000,186.0
sprint01,5000.0,4.5,1111,178.0
sprint01,5000.0,4.0,1250,178.0
sprint01,5000.0,3.5,1428,181.0
sprint01,5000.0,3.0,1666,175.0
sprint01,5000.0,2.5,2000,172.0
sprint01,5000.0,2.0,2500,176.0
sprint01,5000.0,1.5,3333,172.0
sprint01,5000.0,1.0,5000,170.0
sprint01,5000.0,0.5,10000,168.0
sprint01,5000.0,5.0,1000,178.0
sprint01,4500.0,5.0,900,181.0
sprint01,4000.0,5.0,800,185.0
sprint01,3500.0,5.0,700,179.0
sprint01,3000.0,5.0,600,179.0
sprint01,2500.0,5.0,500,189.0
sprint01,2000.0,5.0,400,193.0
sprint01,1500.0,5.0,300,189.0
sprint01,1000.0,5.0,200,190.0
sprint01,500.0,5.0,100,193.0
sprint01,1000.0,1.0,1000,181.0
sprint01,1000.0,0.9,1111,180.0
sprint01,1000.0,0.8,1250,183.0
sprint01,1000.0,0.7000000000000001,1428,179.0
sprint01,1000.0,0.6000000000000001,1666,178.0
sprint01,1000.0,0.5000000000000001,1999,179.0
sprint01,1000.0,0.40000000000000013,2499,175.0
sprint01,1000.0,0.30000000000000016,3333,178.0
sprint01,1000.0,0.20000000000000015,4999,174.0
sprint01,1000.0,0.10000000000000014,9999,170.0
sprint01,1000.0,1.0,1000,177.0
sprint01,900.0,1.0,900,183.0
sprint01,800.0,1.0,800,182.0
sprint01,700.0,1.0,700,181.0
sprint01,600.0,1.0,600,182.0
sprint01,500.0,1.0,500,176.0
sprint01,400.0,1.0,400,192.0
sprint01,300.0,1.0,300,184.0
sprint01,200.0,1.0,200,189.0
sprint01,100.0,1.0,100,189.0
sprint01,500.0,0.5,1000,177.0
sprint01,500.0,0.45,1111,188.0
sprint01,500.0,0.4,1250,175.0
sprint01,500.0,0.35000000000000003,1428,180.0
sprint01,500.0,0.30000000000000004,1666,179.0
sprint01,500.0,0.25000000000000006,1999,175.0
sprint01,500.0,0.20000000000000007,2499,173.0
sprint01,500.0,0.15000000000000008,3333,179.0
sprint01,500.0,0.10000000000000007,4999,171.0
sprint01,500.0,0.05000000000000007,9999,171.0
sprint01,500.0,0.5,1000,175.0
sprint01,450.0,0.5,900,186.0
sprint01,400.0,0.5,800,184.0
sprint01,350.0,0.5,700,180.0
sprint01,300.0,0.5,600,185.0
sprint01,250.0,0.5,500,189.0
sprint01,200.0,0.5,400,185.0
sprint01,150.0,0.5,300,186.0
sprint01,100.0,0.5,200,191.0
sprint01,50.0,0.5,100,200.0
sprint01,100.0,0.1,1000,183.0
sprint01,100.0,0.09000000000000001,1111,177.0
sprint01,100.0,0.08000000000000002,1249,178.0
sprint01,100.0,0.07000000000000002,1428,182.0
sprint01,100.0,0.06000000000000002,1666,181.0
sprint01,100.0,0.05000000000000002,1999,176.0
sprint01,100.0,0.040000000000000015,2499,175.0
sprint01,100.0,0.030000000000000013,3333,177.0
sprint01,100.0,0.02000000000000001,4999,173.0
sprint01,100.0,0.01000000000000001,9999,169.0
sprint01,100.0,0.1,1000,181.0
sprint01,90.0,0.1,900,183.0
sprint01,80.0,0.1,800,185.0
sprint01,70.0,0.1,700,184.0
sprint01,60.0,0.1,600,191.0
sprint01,50.0,0.1,500,188.0
sprint01,40.0,0.1,400,187.0
sprint01,30.0,0.1,300,193.0
sprint01,20.0,0.1,200,177.0
sprint01,10.0,0.1,100,190.0
sprint01,10.0,0.01,1000,172.0
sprint01,10.0,0.009000000000000001,1111,183.0
sprint01,10.0,0.008,1250,179.0
sprint01,10.0,0.007,1428,178.0
sprint01,10.0,0.006,1666,178.0
sprint01,10.0,0.005,2000,179.0
sprint01,10.0,0.004,2500,174.0
sprint01,10.0,0.003,3333,177.0
sprint01,10.0,0.002,5000,176.0
sprint01,10.0,0.001,10000,172.0
sprint01,10.0,0.01,1000,182.0
sprint01,9.0,0.01,900,186.0
sprint01,8.0,0.01,800,181.0
sprint01,7.0,0.01,700,181.0
sprint01,6.0,0.01,600,184.0
sprint01,5.0,0.01,500,181.0
sprint01,4.0,0.01,400,190.0
sprint01,3.0,0.01,300,189.0
sprint01,2.0,0.01,200,199.0
sprint01,1.0,0.01,100,205.0
sprint_hidden01,10000.0,10.0,1000,278.0
sprint_hidden01,10000.0,9.0,1111,272.0
sprint_hidden01,10000.0,8.0,1250,276.0
sprint_hidden01,10000.0,7.0,1428,276.0
sprint_hidden01,10000.0,6.0,1666,269.0
sprint_hidden01,10000.0,5.0,2000,278.0
sprint_hidden01,10000.0,4.0,2500,271.0
sprint_hidden01,10000.0,3.0,3333,270.0
sprint_hidden01,10000.0,2.0,5000,267.0
sprint_hidden01,10000.0,1.0,10000,256.0
sprint_hidden01,10000.0,10.0,1000,265.0
sprint_hidden01,9000.0,10.0,900,282.0
sprint_hidden01,8000.0,10.0,800,284.0
sprint_hidden01,7000.0,10.0,700,286.0
sprint_hidden01,6000.0,10.0,600,281.0
sprint_hidden01,5000.0,10.0,500,280.0
sprint_hidden01,4000.0,10.0,400,287.0
sprint_hidden01,3000.0,10.0,300,290.0
sprint_hidden01,2000.0,10.0,200,292.0
sprint_hidden01,1000.0,10.0,100,295.0
sprint_hidden01,5000.0,5.0,1000,276.0
sprint_hidden01,5000.0,4.5,1111,274.0
sprint_hidden01,5000.0,4.0,1250,281.0
sprint_hidden01,5000.0,3.5,1428,268.0
sprint_hidden01,5000.0,3.0,1666,273.0
sprint_hidden01,5000.0,2.5,2000,274.0
sprint_hidden01,5000.0,2.0,2500,269.0
sprint_hidden01,5000.0,1.5,3333,271.0
sprint_hidden01,5000.0,1.0,5000,264.0
sprint_hidden01,5000.0,0.5,10000,261.0
sprint_hidden01,5000.0,5.0,1000,283.0
sprint_hidden01,4500.0,5.0,900,279.0
sprint_hidden01,4000.0,5.0,800,271.0
sprint_hidden01,3500.0,5.0,700,273.0
sprint_hidden01,3000.0,5.0,600,286.0
sprint_hidden01,2500.0,5.0,500,280.0
sprint_hidden01,2000.0,5.0,400,282.0
sprint_hidden01,1500.0,5.0,300,299.0
sprint_hidden01,1000.0,5.0,200,275.0
sprint_hidden01,500.0,5.0,100,293.0
sprint_hidden01,1000.0,1.0,1000,272.0
sprint_hidden01,1000.0,0.9,1111,274.0
sprint_hidden01,1000.0,0.8,1250,274.0
sprint_hidden01,1000.0,0.7000000000000001,1428,273.0
sprint_hidden01,1000.0,0.6000000000000001,1666,273.0
sprint_hidden01,1000.0,0.5000000000000001,1999,268.0
sprint_hidden01,1000.0,0.40000000000000013,2499,261.0
sprint_hidden01,1000.0,0.30000000000000016,3333,268.0
sprint_hidden01,1000.0,0.20000000000000015,4999,265.0
sprint_hidden01,1000.0,0.10000000000000014,9999,259.0
sprint_hidden01,1000.0,1.0,1000,282.0
sprint_hidden01,900.0,1.0,900,274.0
sprint_hidden01,800.0,1.0,800,284.0
sprint_hidden01,700.0,1.0,700,287.0
sprint_hidden01,600.0,1.0,600,276.0
sprint_hidden01,500.0,1.0,500,286.0
sprint_hidden01,400.0,1.0,400,290.0
sprint_hidden01,300.0,1.0,300,291.0
sprint_hidden01,200.0,1.0,200,288.0
sprint_hidden01,100.0,1.0,100,299.0
sprint_hidden01,500.0,0.5,1000,275.0
sprint_hidden01,500.0,0.45,1111,280.0
sprint_hidden01,500.0,0.4,1250,278.0
sprint_hidden01,500.0,0.35000000000000003,1428,275.0
sprint_hidden01,500.0,0.30000000000000004,1666,283.0
sprint_hidden01,500.0,0.25000000000000006,1999,278.0
sprint_hidden01,500.0,0.20000000000000007,2499,268.0
sprint_hidden01,500.0,0.15000000000000008,3333,263.0
sprint_hidden01,500.0,0.10000000000000007,4999,267.0
sprint_hidden01,500.0,0.05000000000000007,9999,266.0
sprint_hidden01,500.0,0.5,1000,285.0
sprint_hidden01,450.0,0.5,900,276.0
sprint_hidden01,400.0,0.5,800,285.0
sprint_hidden01,350.0,0.5,700,278.0
sprint_hidden01,300.0,0.5,600,277.0
sprint_hidden01,250.0,0.5,500,278.0
sprint_hidden01,200.0,0.5,400,282.0
sprint_hidden01,150.0,0.5,300,292.0
sprint_hidden01,100.0,0.5,200,281.0
sprint_hidden01,50.0,0.5,100,301.0
sprint_hidden01,100.0,0.1,1000,277.0
sprint_hidden01,100.0,0.09000000000000001,1111,275.0
sprint_hidden01,100.0,0.08000000000000002,1249,272.0
sprint_hidden01,100.0,0.07000000000000002,1428,274.0
sprint_hidden01,100.0,0.06000000000000002,1666,272.0
sprint_hidden01,100.0,0.05000000000000002,1999,280.0
sprint_hidden01,100.0,0.040000000000000015,2499,274.0
sprint_hidden01,100.0,0.030000000000000013,3333,271.0
sprint_hidden01,100.0,0.02000000000000001,4999,254.0
sprint_hidden01,100.0,0.01000000000000001,9999,257.0
sprint_hidden01,100.0,0.1,1000,285.0
sprint_hidden01,90.0,0.1,900,282.0
sprint_hidden01,80.0,0.1,800,292.0
sprint_hidden01,70.0,0.1,700,277.0
sprint_hidden01,60.0,0.1,600,292.0
sprint_hidden01,50.0,0.1,500,295.0
sprint_hidden01,40.0,0.1,400,270.0
sprint_hidden01,30.0,0.1,300,291.0
sprint_hidden01,20.0,0.1,200,299.0
sprint_hidden01,10.0,0.1,100,305.0
sprint_hidden01,10.0,0.01,1000,287.0
sprint_hidden01,10.0,0.009000000000000001,1111,289.0
sprint_hidden01,10.0,0.008,1250,280.0
sprint_hidden01,10.0,0.007,1428,279.0
sprint_hidden01,10.0,0.006,1666,279.0
sprint_hidden01,10.0,0.005,2000,271.0
sprint_hidden01,10.0,0.004,2500,268.0
sprint_hidden01,10.0,0.003,3333,266.0
sprint_hidden01,10.0,0.002,5000,260.0
sprint_hidden01,10.0,0.001,10000,257.0
sprint_hidden01,10.0,0.01,1000,285.0
sprint_hidden01,9.0,0.01,900,275.0
sprint_hidden01,8.0,0.01,800,275.0
sprint_hidden01,7.0,0.01,700,276.0
sprint_hidden01,6.0,0.01,600,282.0
sprint_hidden01,5.0,0.01,500,275.0
sprint_hidden01,4.0,0.01,400,289.0
sprint_hidden01,3.0,0.01,300,287.0
sprint_hidden01,2.0,0.01,200,298.0
sprint_hidden01,1.0,0.01,100,317.0
sprint_hint01,10000.0,10.0,1000,431.0
sprint_hint01,10000.0,9.0,1111,443.0
sprint_hint01,10000.0,8.0,1250,431.0
sprint_hint01,10000.0,7.0,1428,447.0
sprint_hint01,10000.0,6.0,1666,444.0
sprint_hint01,10000.0,5.0,2000,436.0
sprint_hint01,10000.0,4.0,2500,412.0
sprint_hint01,10000.0,3.0,3333,428.0
sprint_hint01,10000.0,2.0,5000,410.0
sprint_hint01,10000.0,1.0,10000,409.0
sprint_hint01,10000.0,10.0,1000,431.0
sprint_hint01,9000.0,10.0,900,444.0
sprint_hint01,8000.0,10.0,800,448.0
sprint_hint01,7000.0,10.0,700,445.0
sprint_hint01,6000.0,10.0,600,466.0
sprint_hint01,5000.0,10.0,500,451.0
sprint_hint01,4000.0,10.0,400,437.0
sprint_hint01,3000.0,10.0,300,437.0
sprint_hint01,2000.0,10.0,200,459.0
sprint_hint01,1000.0,10.0,100,461.0
sprint_hint01,5000.0,5.0,1000,441.0
sprint_hint01,5000.0,4.5,1111,448.0
sprint_hint01,5000.0,4.0,1250,426.0
sprint_hint01,5000.0,3.5,1428,434.0
sprint_hint01,5000.0,3.0,1666,440.0
sprint_hint01,5000.0,2.5,2000,435.0
sprint_hint01,5000.0,2.0,2500,421.0
sprint_hint01,5000.0,1.5,3333,424.0
sprint_hint01,5000.0,1.0,5000,415.0
sprint_hint01,5000.0,0.5,10000,408.0
sprint_hint01,5000.0,5.0,1000,433.0
sprint_hint01,4500.0,5.0,900,425.0
sprint_hint01,4000.0,5.0,800,429.0
sprint_hint01,3500.0,5.0,700,440.0
sprint_hint01,3000.0,5.0,600,474.0
sprint_hint01,2500.0,5.0,500,447.0
sprint_hint01,2000.0,5.0,400,489.0
sprint_hint01,1500.0,5.0,300,450.0
sprint_hint01,1000.0,5.0,200,504.0
sprint_hint01,500.0,5.0,100,502.0
sprint_hint01,1000.0,1.0,1000,424.0
sprint_hint01,1000.0,0.9,1111,464.0
sprint_hint01,1000.0,0.8,1250,426.0
sprint_hint01,1000.0,0.7000000000000001,1428,444.0
sprint_hint01,1000.0,0.6000000000000001,1666,423.0
sprint_hint01,1000.0,0.5000000000000001,1999,434.0
sprint_hint01,1000.0,0.40000000000000013,2499,429.0
sprint_hint01,1000.0,0.30000000000000016,3333,417.0
sprint_hint01,1000.0,0.20000000000000015,4999,411.0
sprint_hint01,1000.0,0.10000000000000014,9999,408.0
sprint_hint01,1000.0,1.0,1000,438.0
sprint_hint01,900.0,1.0,900,435.0
sprint_hint01,800.0,1.0,800,452.0
sprint_hint01,700.0,1.0,700,433.0
sprint_hint01,600.0,1.0,600,464.0
sprint_hint01,500.0,1.0,500,438.0
sprint_hint01,400.0,1.0,400,439.0
sprint_hint01,300.0,1.0,300,453.0
sprint_hint01,200.0,1.0,200,483.0
sprint_hint01,100.0,1.0,100,495.0
sprint_hint01,500.0,0.5,1000,449.0
sprint_hint01,500.0,0.45,1111,447.0
sprint_hint01,500.0,0.4,1250,443.0
sprint_hint01,500.0,0.35000000000000003,1428,442.0
sprint_hint01,500.0,0.30000000000000004,1666,427.0
sprint_hint01,500.0,0.25000000000000006,1999,407.0
sprint_hint01,500.0,0.20000000000000007,2499,419.0
sprint_hint01,500.0,0.15000000000000008,3333,423.0
sprint_hint01,500.0,0.10000000000000007,4999,415.0
sprint_hint01,500.0,0.05000000000000007,9999,409.0
sprint_hint01,500.0,0.5,1000,458.0
sprint_hint01,450.0,0.5,900,435.0
sprint_hint01,400.0,0.5,800,436.0
sprint_hint01,350.0,0.5,700,440.0
sprint_hint01,300.0,0.5,600,454.0
sprint_hint01,250.0,0.5,500,452.0
sprint_hint01,200.0,0.5,400,457.0
sprint_hint01,150.0,0.5,300,460.0
sprint_hint01,100.0,0.5,200,451.0
sprint_hint01,50.0,0.5,100,466.0
sprint_hint01,100.0,0.1,1000,446.0
sprint_hint01,100.0,0.09000000000000001,1111,448.0
sprint_hint01,100.0,0.08000000000000002,1249,437.0
sprint_hint01,100.0,0.07000000000000002,1428,429.0
sprint_hint01,100.0,0.06000000000000002,1666,424.0
sprint_hint01,100.0,0.05000000000000002,1999,430.0
sprint_hint01,100.0,0.040000000000000015,2499,431.0
sprint_hint01,100.0,0.030000000000000013,3333,413.0
sprint_hint01,100.0,0.02000000000000001,4999,425.0
sprint_hint01,100.0,0.01000000000000001,9999,395.0
sprint_hint01,100.0,0.1,1000,443.0
sprint_hint01,90.0,0.1,900,450.0
sprint_hint01,80.0,0.1,800,445.0
sprint_hint01,70.0,0.1,700,460.0
sprint_hint01,60.0,0.1,600,440.0
sprint_hint01,50.0,0.1,500,446.0
sprint_hint01,40.0,0.1,400,449.0
sprint_hint01,30.0,0.1,300,440.0
sprint_hint01,20.0,0.1,200,456.0
sprint_hint01,10.0,0.1,100,475.0
sprint_hint01,10.0,0.01,1000,412.0
sprint_hint01,10.0,0.009000000000000001,1111,437.0
sprint_hint01,10.0,0.008,1250,436.0
sprint_hint01,10.0,0.007,1428,436.0
sprint_hint01,10.0,0.006,1666,431.0
sprint_hint01,10.0,0.005,2000,427.0
sprint_hint01,10.0,0.004,2500,434.0
sprint_hint01,10.0,0.003,3333,417.0
sprint_hint01,10.0,0.002,5000,409.0
sprint_hint01,10.0,0.001,10000,406.0
sprint_hint01,10.0,0.01,1000,456.0
sprint_hint01,9.0,0.01,900,437.0
sprint_hint01,8.0,0.01,800,459.0
sprint_hint01,7.0,0.01,700,455.0
sprint_hint01,6.0,0.01,600,459.0
sprint_hint01,5.0,0.01,500,432.0
sprint_hint01,4.0,0.01,400,479.0
sprint_hint01,3.0,0.01,300,481.0
sprint_hint01,2.0,0.01,200,439.0
sprint_hint01,1.0,0.01,100,461.0
sprint_late01,10000.0,10.0,1000,215.0
sprint_late01,10000.0,9.0,1111,211.0
sprint_late01,10000.0,8.0,1250,217.0
sprint_late01,10000.0,7.0,1428,216.0
sprint_late01,10000.0,6.0,1666,207.0
sprint_late01,10000.0,5.0,2000,211.0
sprint_late01,10000.0,4.0,2500,206.0
sprint_late01,10000.0,3.0,3333,204.0
sprint_late01,10000.0,2.0,5000,201.0
sprint_late01,10000.0,1.0,10000,206.0
sprint_late01,10000.0,10.0,1000,220.0
sprint_late01,9000.0,10.0,900,218.0
sprint_late01,8000.0,10.0,800,219.0
sprint_late01,7000.0,10.0,700,218.0
sprint_late01,6000.0,10.0,600,216.0
sprint_late01,5000.0,10.0,500,219.0
sprint_late01,4000.0,10.0,400,218.0
sprint_late01,3000.0,10.0,300,231.0
sprint_late01,2000.0,10.0,200,227.0
sprint_late01,1000.0,10.0,100,227.0
sprint_late01,5000.0,5.0,1000,221.0
sprint_late01,5000.0,4.5,1111,220.0
sprint_late01,5000.0,4.0,1250,207.0
sprint_late01,5000.0,3.5,1428,200.0
sprint_late01,5000.0,3.0,1666,213.0
sprint_late01,5000.0,2.5,2000,209.0
sprint_late01,5000.0,2.0,2500,212.0
sprint_late01,5000.0,1.5,3333,208.0
sprint_late01,5000.0,1.0,5000,210.0
sprint_late01,5000.0,0.5,10000,206.0
sprint_late01,5000.0,5.0,1000,217.0
sprint_late01,4500.0,5.0,900,217.0
sprint_late01,4000.0,5.0,800,222.0
sprint_late01,3500.0,5.0,700,225.0
sprint_late01,3000.0,5.0,600,225.0
sprint_late01,2500.0,5.0,500,225.0
sprint_late01,2000.0,5.0,400,226.0
sprint_late01,1500.0,5.0,300,233.0
sprint_late01,1000.0,5.0,200,239.0
sprint_late01,500.0,5.0,100,238.0
sprint_late01,1000.0,1.0,1000,216.0
sprint_late01,1000.0,0.9,1111,215.0
sprint_late01,1000.0,0.8,1250,216.0
sprint_late01,1000.0,0.7000000000000001,1428,215.0
sprint_late01,1000.0,0.6000000000000001,1666,211.0
sprint_late01,1000.0,0.5000000000000001,1999,212.0
sprint_late01,1000.0,0.40000000000000013,2499,213.0
sprint_late01,1000.0,0.30000000000000016,3333,207.0
sprint_late01,1000.0,0.20000000000000015,4999,207.0
sprint_late01,1000.0,0.10000000000000014,9999,202.0
sprint_late01,1000.0,1.0,1000,209.0
sprint_late01,900.0,1.0,900,219.0
sprint_late01,800.0,1.0,800,219.0
sprint_late01,700.0,1.0,700,223.0
sprint_late01,600.0,1.0,600,228.0
sprint_late01,500.0,1.0,500,225.0
sprint_late01,400.0,1.0,400,229.0
sprint_late01,300.0,1.0,300,231.0
sprint_late01,200.0,1.0,200,228.0
sprint_late01,100.0,1.0,100,242.0
sprint_late01,500.0,0.5,1000,223.0
sprint_late01,500.0,0.45,1111,219.0
sprint_late01,500.0,0.4,1250,215.0
sprint_late01,500.0,0.35000000000000003,1428,217.0
sprint_late01,500.0,0.30000000000000004,1666,209.0
sprint_late01,500.0,0.25000000000000006,1999,216.0
sprint_late01,500.0,0.20000000000000007,2499,212.0
sprint_late01,500.0,0.15000000000000008,3333,210.0
sprint_late01,500.0,0.10000000000000007,4999,211.0
sprint_late01,500.0,0.05000000000000007,9999,207.0
sprint_late01,500.0,0.5,1000,218.0
sprint_late01,450.0,0.5,900,210.0
sprint_late01,400.0,0.5,800,222.0
sprint_late01,350.0,0.5,700,220.0
sprint_late01,300.0,0.5,600,221.0
sprint_late01,250.0,0.5,500,222.0
sprint_late01,200.0,0.5,400,226.0
sprint_late01,150.0,0.5,300,223.0
sprint_late01,100.0,0.5,200,228.0
sprint_late01,50.0,0.5,100,244.0
sprint_late01,100.0,0.1,1000,209.0
sprint_late01,100.0,0.09000000000000001,1111,221.0
sprint_late01,100.0,0.08000000000000002,1249,216.0
sprint_late01,100.0,0.07000000000000002,1428,207.0
sprint_late01,100.0,0.06000000000000002,1666,219.0
sprint_late01,100.0,0.05000000000000002,1999,214.0
sprint_late01,100.0,0.040000000000000015,2499,211.0
sprint_late01,100.0,0.030000000000000013,3333,209.0
sprint_late01,100.0,0.02000000000000001,4999,213.0
sprint_late01,100.0,0.01000000000000001,9999,204.0
sprint_late01,100.0,0.1,1000,211.0
sprint_late01,90.0,0.1,900,214.0
sprint_late01,80.0,0.1,800,217.0
sprint_late01,70.0,0.1,700,217.0
sprint_late01,60.0,0.1,600,219.0
sprint_late01,50.0,0.1,500,213.0
sprint_late01,40.0,0.1,400,226.0
sprint_late01,30.0,0.1,300,227.0
sprint_late01,20.0,0.1,200,230.0
sprint_late01,10.0,0.1,100,216.0
sprint_late01,10.0,0.01,1000,216.0
sprint_late01,10.0,0.009000000000000001,1111,218.0
sprint_late01,10.0,0.008,1250,218.0
sprint_late01,10.0,0.007,1428,211.0
sprint_late01,10.0,0.006,1666,215.0
sprint_late01,10.0,0.005,2000,214.0
sprint_late01,10.0,0.004,2500,211.0
sprint_late01,10.0,0.003,3333,207.0
sprint_late01,10.0,0.002,5000,205.0
sprint_late01,10.0,0.001,10000,201.0
sprint_late01,10.0,0.01,1000,219.0
sprint_late01,9.0,0.01,900,211.0
sprint_late01,8.0,0.01,800,212.0
sprint_late01,7.0,0.01,700,220.0
sprint_late01,6.0,0.01,600,224.0
sprint_late01,5.0,0.01,500,219.0
sprint_late01,4.0,0.01,400,230.0
sprint_late01,3.0,0.01,300,226.0
sprint_late01,2.0,0.01,200,239.0
sprint_late01,1.0,0.01,100,238.0
